순위,거래소,종목코드,종목명,시가총액,종목선정일,종가,수정종가,1개월(%),3개월(%),6개월(%),12개월(%),이번달수익률
1,NYSE,XOM,EXXON MOBIL CORP,465652.0,2008-06-30,88.13,45.998,-0.71,4.66,-5.11,6.86,-8.74
2,NYSE,GE,GE AEROSPACE,266029.9,2008-06-30,213.52,85.949,-12.15,-27.08,-26.53,-27.76,5.99
3,NASDAQ,MSFT,MICROSOFT CORP,256208.7,2008-06-30,27.51,19.784,-2.86,-2.71,-22.14,-5.31,-6.51
4,NASDAQ,WMT,WALMART INC,221633.2,2008-06-30,18.733,12.983,-2.67,7.12,19.29,18.99,4.31
5,NYSE,CVX,CHEVRON CORP,205039.2,2008-06-30,99.13,48.563,-0.02,16.9,7.67,20.95,-14.7
6,NYSE,T,AT&T INC,200152.3,2008-06-30,33.69,9.185,-15.56,-11.13,-17.26,-15.72,-7.44
7,NYSE,PG,PROCTER & GAMBLE CO,185652.0,2008-06-30,60.81,36.008,-7.93,-12.71,-16.27,1.53,8.35
8,NYSE,JNJ,JOHNSON & JOHNSON,181322.5,2008-06-30,64.34,37.939,-3.6,-0.12,-2.22,7.21,6.42
9,NASDAQ,GOOGL,ALPHABET INC,165514.4,2008-06-30,13.174,13.057,-10.14,19.51,-23.87,0.71,-10.0
10,NYSE,IBM,INTERNATIONAL BUSINESS MACHINES CORP,162798.4,2008-06-30,118.53,62.397,-8.42,3.36,10.52,14.32,7.97
11,NASDAQ,AAPL,APPLE INC,147618.9,2008-06-30,5.98,5.012,-11.29,16.67,-15.47,37.2,-5.07
12,NYSE,COP,CONOCOPHILLIPS,145591.5,2008-06-30,94.39,38.223,1.38,24.49,8.08,22.79,-13.02
13,NASDAQ,CSCO,CISCO SYSTEMS INC,137400.0,2008-06-30,23.26,14.974,-12.95,-3.45,-14.08,-16.48,-5.46
14,NYSE,SLB,SLB LIMITED,128173.3,2008-06-30,107.43,70.825,6.45,23.74,9.99,27.85,-5.43
15,NASDAQ,INTC,INTEL CORP,123037.4,2008-06-30,21.48,13.256,-7.33,2.03,-18.43,-7.58,3.3
16,NYSE,KO,COCA COLA CO,120739.5,2008-06-30,25.99,15.028,-8.62,-14.04,-14.19,1.83,-0.92
17,NYSE,PFE,PFIZER INC,118188.0,2008-06-30,17.47,7.633,-9.76,-15.2,-20.8,-27.89,6.88
18,NYSE,JPM,JPMORGAN CHASE & CO,117567.7,2008-06-30,34.31,21.846,-20.21,-19.46,-20.04,-26.82,19.74
19,NYSE,HPQ,HP INC,109030.3,2008-06-30,44.21,12.446,-5.9,-3.02,-12.12,-0.26,1.33
20,NYSE,ORCL,ORACLE CORP,108182.0,2008-06-30,21.0,16.735,-8.06,7.36,-7.0,6.54,2.53
21,NYSE,BAC,BANK OF AMERICA CORP,106288.0,2008-06-30,23.87,17.514,-28.41,-35.77,-39.98,-47.97,37.83
22,NYSE,PM,PHILIP MORRIS INTERNATIONAL INC,104179.0,2008-06-30,49.39,21.22,-5.35,-1.46,,,4.58
23,NYSE,VZ,VERIZON COMMUNICATIONS INC,100912.2,2008-06-30,35.4,12.887,-7.98,-1.3,-16.81,-10.01,-2.68
24,NASDAQ,PEP,PEPSICO INC,100859.4,2008-06-30,63.59,36.96,-6.3,-11.36,-15.24,0.25,4.67
25,NYSE,C,CITIGROUP INC,87987.2,2008-06-30,167.6,119.172,-23.44,-20.79,-41.72,-65.69,13.43
26,NYSE,ABT,ABBOTT LABORATORIES,81748.4,2008-06-30,52.97,16.934,-6.0,-3.3,-4.51,1.35,7.04
27,NYSE,MRK,MERCK & CO INC,80902.6,2008-06-30,37.69,19.328,-2.3,0.31,-33.92,-21.8,-12.71
28,NYSE,WFC,WELLS FARGO & COMPANY,78437.3,2008-06-30,23.75,14.798,-13.86,-17.54,-19.7,-29.76,27.46
29,NYSE,OXY,OCCIDENTAL PETROLEUM CORP,73750.7,2008-06-30,89.86,49.386,-1.91,23.23,17.51,57.51,-12.27
30,NASDAQ,QCOM,QUALCOMM INC,71821.3,2008-06-30,44.37,28.687,-8.59,8.58,13.49,3.65,24.73
31,NYSE,MON2,MONSANTO CO,69542.2,2008-06-30,126.44,106.867,-0.75,13.58,13.56,88.53,-5.62
32,NYSE,GS,GOLDMAN SACHS GROUP INC,68946.2,2008-06-30,174.9,128.558,-0.86,5.94,-18.37,-18.74,5.43
33,NYSE,AIG,AMERICAN INTERNATIONAL GROUP INC,65939.9,2008-06-30,529.2,332.205,-26.09,-38.48,-54.16,-61.59,-1.55
34,NYSE,WYE,WYETH,63946.9,2008-06-30,47.96,46.283,7.85,15.58,10.0,-14.26,-15.51
35,NYSE,MCD,MCDONALDS CORP,63726.8,2008-06-30,56.22,34.134,-4.61,1.46,-3.29,15.19,6.35
36,NYSE,UPS,UNITED PARCEL SERVICE INC,62752.1,2008-06-30,61.47,33.093,-13.45,-15.29,-11.98,-13.76,2.62
37,NYSE,RTX,RTX CORP,60046.7,2008-06-30,61.7,23.635,-13.15,-9.97,-18.69,-11.49,3.69
38,NYSE,DIS,WALT DISNEY CO,59441.7,2008-06-30,31.2,25.864,-7.14,-0.57,-3.34,-7.64,-2.73
39,NASDAQ,EXC,EXELON CORP,59014.0,2008-06-30,89.96,31.885,2.23,11.35,11.56,26.91,-12.6
40,NYSE,MDT,MEDTRONIC PLC,58231.4,2008-06-30,51.75,33.474,2.13,7.26,3.46,0.75,2.46
41,NYSE,CVS,CVS HEALTH CORP,56560.5,2008-06-30,39.57,26.206,-7.52,-2.18,-0.14,9.25,-7.59
42,NASDAQ,CMCSA,COMCAST CORP,56168.8,2008-06-30,9.485,5.992,-15.69,-1.92,4.23,-32.32,9.08
43,NYSE,DVN,DEVON ENERGY CORP,53610.8,2008-06-30,120.16,75.644,3.78,15.33,35.54,54.44,-21.03
44,NYSE,TWX,TIME WARNER INC,52959.4,2008-06-30,44.4,31.713,-6.8,5.98,-9.67,-28.62,-3.24
45,NYSE,LLY,ELI LILLY & CO,52482.8,2008-06-30,46.16,27.855,-4.11,-9.64,-11.87,-14.49,2.06
46,NASDAQ,AMGN,AMGEN INC,51342.9,2008-06-30,47.16,31.675,7.11,12.88,1.55,-14.7,32.8
47,NYSE,BA,BOEING CO,49385.5,2008-06-30,65.72,48.558,-20.6,-11.21,-24.12,-30.5,-7.01
48,NYSE,MMM,3M CO,49011.4,2008-06-30,69.59,34.116,-10.28,-11.5,-16.41,-17.87,1.15
49,NASDAQ,GILD,GILEAD SCIENCES INC,48844.8,2008-06-30,26.475,18.285,-4.29,2.75,15.08,36.47,1.95
50,NYSE,RIG,TRANSOCEAN LTD,48592.9,2008-06-30,152.39,120.976,1.47,12.72,6.46,35.58,-10.74
51,NYSE,USB,US BANCORP,48544.4,2008-06-30,27.89,16.383,-14.72,-12.53,-9.68,-10.73,9.75
52,NASDAQ,APA,APA CORP,46368.9,2008-06-30,139.0,99.811,3.68,15.17,29.71,71.52,-19.19
53,NYSE,HAL,HALLIBURTON CO,46296.9,2008-06-30,53.07,39.341,9.24,35.18,40.57,55.26,-15.55
54,NYSE,CAT,CATERPILLAR INC,45382.3,2008-06-30,73.82,46.543,-10.67,-5.28,2.79,-3.9,-5.27
55,NYSE,FCX,FREEPORT-MCMORAN INC,44909.5,2008-06-30,58.595,41.987,1.28,22.3,15.4,43.61,-17.11
56,NYSE,BUD1,ANHEUSER-BUSCH COMPANIES INC,44296.2,2008-06-30,62.12,61.774,8.68,31.61,20.14,22.1,9.08
57,NASDAQ,DELL1,DELL INC,43802.0,2008-06-30,21.674,20.764,-5.12,9.84,-10.73,-23.36,12.3
58,NYSE,AXP,AMERICAN EXPRESS CO,43637.4,2008-06-30,37.67,28.543,-18.73,-13.5,-27.04,-37.66,-1.01
59,NYSE,BNY,BANK OF NEW YORK MELLON CORP,43270.6,2008-06-30,37.83,25.121,-15.05,-8.82,-21.54,-6.7,-5.51
60,NASDAQ,MDLZ,MONDELEZ INTERNATIONAL INC,43131.1,2008-06-30,28.45,11.904,-11.6,-7.41,-11.24,-16.5,11.84
61,NYSE,MO,ALTRIA GROUP INC,43059.5,2008-06-30,20.56,6.753,-6.34,-6.09,-8.73,0.42,-1.02
62,NYSE,HES,HESS CORP,40754.4,2008-06-30,126.19,100.734,2.83,43.22,25.34,115.0,-19.64
63,NYSE,BMY,BRISTOL MYERS SQUIBB CO,40641.1,2008-06-30,20.53,10.545,-9.92,-2.23,-20.55,-32.01,4.42
64,NASDAQ,TFCF,TWENTY-FIRST CENTURY FOX INC,40171.1,2008-06-30,15.35,12.226,-17.48,-19.38,-27.53,-32.72,-4.82
65,NYSE,BAX,BAXTER INTERNATIONAL INC,40114.6,2008-06-30,63.94,24.516,5.02,10.98,10.96,15.1,7.3
66,NYSE,MS,MORGAN STANLEY,39935.2,2008-06-30,36.07,24.291,-18.45,-20.61,-31.3,-47.4,10.32
67,NYSE,HD,HOME DEPOT INC,39744.2,2008-06-30,23.42,14.911,-13.69,-15.58,-11.59,-38.58,1.75
68,NYSE,LMT,LOCKHEED MARTIN CORP,39673.5,2008-06-30,98.66,56.933,-9.85,-0.26,-5.53,6.41,5.75
69,NYSE,UNP,UNION PACIFIC CORP,39014.4,2008-06-30,37.75,25.753,-8.02,20.93,21.15,33.07,9.19
70,NYSE,DD1,DUPONT E I DE NEMOURS & CO,38631.3,2008-06-30,42.89,29.797,-10.48,-7.51,-1.04,-12.75,2.14
71,NYSE,EMR,EMERSON ELECTRIC CO,38609.0,2008-06-30,49.45,30.035,-15.0,-3.39,-11.76,8.02,-1.52
72,NYSE,MET,METLIFE INC,37482.9,2008-06-30,52.77,27.57,-12.09,-12.43,-14.36,-17.21,-3.79
73,NASDAQ,HON,HONEYWELL INTERNATIONAL INC,37283.8,2008-06-30,50.28,29.958,-15.67,-10.48,-17.58,-9.01,1.11
74,NASDAQ,TXN,TEXAS INSTRUMENTS INC,37248.2,2008-06-30,28.16,17.743,-13.3,-0.05,-15.13,-24.26,-13.06
75,NYSE,NOV,NOV INC,36834.2,2008-06-30,88.72,61.804,6.48,51.97,20.77,70.22,-11.37
76,NYSE,MRO,MARATHON OIL CORP,36721.0,2008-06-30,51.87,23.072,0.93,14.26,-13.98,-11.92,-4.63
77,NYSE,GLW,CORNING INC,36301.5,2008-06-30,23.05,15.261,-15.69,-3.95,-3.54,-9.05,-13.19
78,NYSE,TGT,TARGET CORP,36192.4,2008-06-30,46.49,28.421,-12.87,-8.03,-6.53,-26.16,-2.71
79,NASDAQ,EBAY,EBAY INC,35965.2,2008-06-30,27.33,10.317,-8.92,-8.41,-17.66,-15.07,-7.91
80,NYSE,CHKAQ,CHESAPEAKE ENERGY CORP,35644.5,2008-06-30,13192.0,11272.074,20.57,43.09,68.71,91.83,-23.97
81,NYSE,CL,COLGATE PALMOLIVE CO,35089.6,2008-06-30,34.55,22.546,-7.08,-10.85,-10.48,8.71,8.1
82,NYSE,APC1,ANADARKO PETROLEUM CORP,35034.3,2008-06-30,74.84,67.943,-0.06,18.87,14.22,44.79,-22.62
83,NASDAQ,XTO,XTO ENERGY INC,34989.2,2008-06-30,68.51,66.868,7.88,10.95,33.89,43.64,-31.06
84,NASDAQ,BNI,BURLINGTON NORTHERN SANTA FE CORP,34455.1,2008-06-30,99.89,96.846,-11.38,8.63,20.8,18.99,4.24
85,NYSE,WFTIQ,WEATHERFORD INTERNATIONAL PLC,33700.6,2008-06-30,49.59,49.59,8.68,36.86,44.58,79.54,-23.92
86,NYSE,GD,GENERAL DYNAMICS CORP,33552.9,2008-06-30,84.2,55.544,-8.63,1.41,-4.67,9.24,6.31
87,NYSE,EOG,EOG RESOURCES INC,32577.9,2008-06-30,65.6,45.218,2.0,9.44,47.29,80.34,-23.29
88,NYSE,DD,DUPONT DE NEMOURS INC,32480.7,2008-06-30,104.73,13.348,-12.56,-4.13,-9.36,-17.58,-4.58
89,NYSE,UNH,UNITEDHEALTH GROUP INC,32253.5,2008-06-30,26.25,20.304,-23.27,-23.6,-54.86,-48.63,6.97
90,NASDAQ,WBA,WALGREENS BOOTS ALLIANCE INC,32199.8,2008-06-30,32.51,19.327,-9.75,-14.43,-14.17,-24.6,5.63
91,NYSE,SGP1,SCHERING PLOUGH CORP,31925.6,2008-06-30,19.69,19.329,-3.48,37.12,-25.58,-34.59,7.41
92,NYSE,MER,MERRILL LYNCH & CO INC,31244.9,2008-06-30,31.71,30.58,-27.8,-21.63,-40.12,-61.15,-15.96
93,NYSE,DE,DEERE & CO,31084.3,2008-06-30,72.13,51.002,-10.98,-9.98,-21.99,21.07,-2.73
94,NYSE,WB1,WACHOVIA CORP NEW,30934.5,2008-06-30,15.53,15.33,-34.75,-41.58,-57.74,-67.74,11.21
95,NASDAQ,AMZN,AMAZON COM INC,30632.6,2008-06-30,3.667,3.667,-10.14,2.86,-20.83,7.22,4.09
96,NASDAQ,COST,COSTCO WHOLESALE CORP,30495.1,2008-06-30,70.14,48.668,-1.65,8.19,0.99,20.93,-10.64
97,NYSE,LOW,LOWES COMPANIES INC,30373.2,2008-06-30,20.75,14.953,-13.54,-9.25,-7.63,-31.53,-1.64
98,NYSE,EMC1,EMC CORP,30367.7,2008-06-30,14.69,13.908,-15.77,2.44,-20.73,-18.84,2.18
99,NYSE,AFL,AFLAC INC,29851.2,2008-06-30,31.4,20.166,-6.45,-2.97,1.02,24.01,-11.45
100,NASDAQ,DTV1,DIRECTV,29688.8,2008-06-30,25.91,25.91,-7.79,4.52,12.07,12.12,4.28
101,NYSE,PX1,PRAXAIR INC,29508.2,2008-06-30,94.24,75.121,-0.48,12.32,7.14,33.01,-0.54
102,NYSE,NKE,NIKE INC,29369.5,2008-06-30,14.902,11.591,-12.53,-12.06,-6.55,3.69,-1.55
103,NYSE,HWM,HOWMET AEROSPACE INC,29033.2,2008-06-30,106.86,54.753,-12.24,-0.74,-1.56,-10.44,-5.25
104,NASDAQ,YHOO,YAHOO INC,28424.8,2008-06-30,20.66,20.66,-22.8,-28.59,-11.18,-23.85,-3.73
105,NASDAQ,CELG,CELGENE CORP,27838.8,2008-06-30,31.935,31.935,4.95,4.21,38.22,11.41,18.19
106,NYSE,CCL,CARNIVAL CORP LTD,27601.6,2008-06-30,32.96,23.462,-17.72,-17.71,-24.41,-29.87,12.07
107,NYSE,D,DOMINION ENERGY INC,27449.0,2008-06-30,47.49,22.172,2.57,17.29,1.9,13.91,-6.97
108,NYSE,S2,SPRINT CORP,27084.6,2008-06-30,9.5,9.5,1.5,42.0,-27.65,-53.96,-14.32
109,NYSE,BHI,BAKER HUGHES INC,26902.5,2008-06-30,87.34,78.121,-1.44,27.72,8.09,4.53,-4.9
110,NYSE,SO,SOUTHERN CO,26791.1,2008-06-30,34.92,15.78,-3.54,-0.82,-7.85,6.53,2.55
111,NYSE,NEE,NEXTERA ENERGY INC,26764.5,2008-06-30,16.395,9.63,-2.21,5.23,-1.91,18.7,-1.6
112,NYSE,TRV,TRAVELERS COMPANIES INC,26244.1,2008-06-30,43.4,28.586,-12.32,-8.72,-18.31,-16.94,1.66
113,NYSE,PRU,PRUDENTIAL FINANCIAL INC,25927.2,2008-06-30,59.74,29.958,-20.03,-23.66,-35.79,-37.79,15.45
114,NYSE,SYK,STRYKER CORP,25893.6,2008-06-30,62.88,50.602,-2.59,-3.34,-15.85,0.1,2.08
115,NASDAQ,AMAT,APPLIED MATERIALS INC,25875.4,2008-06-30,19.09,14.265,-3.63,-1.86,8.17,-2.73,-9.27
116,NASDAQ,CSX,CSX CORP,25431.5,2008-06-30,6.979,5.069,-9.04,12.32,43.64,41.12,7.6
117,NYSE,ALL,ALLSTATE CORP,25109.6,2008-06-30,45.59,29.689,-10.5,-4.37,-11.23,-23.55,1.38
118,NYSE,FE,FIRSTENERGY CORP,25097.1,2008-06-30,82.33,36.405,4.6,20.83,15.52,31.12,-10.66
119,NYSE,ELV,ELEVANCE HEALTH INC,25077.6,2008-06-30,47.66,37.877,-14.62,8.0,-45.68,-40.3,10.05
120,NASDAQ,KMB,KIMBERLY CLARK CORP,25014.0,2008-06-30,59.78,30.084,-5.44,-6.54,-12.21,-7.59,-3.26
121,NYSE,STT,STATE STREET CORP,25013.3,2008-06-30,63.99,43.043,-10.82,-18.7,-20.67,-5.25,11.96
122,NYSE,L,LOEWS CORP,24843.6,2008-06-30,46.9,42.473,-5.38,16.76,-6.57,-7.5,-4.99
123,NYSE,ITW,ILLINOIS TOOL WORKS INC,24837.4,2008-06-30,47.51,30.554,-11.0,-0.9,-10.21,-10.41,-1.39
124,NYSE,DHR,DANAHER CORP,24614.8,2008-06-30,38.65,24.013,-1.09,1.71,-11.83,2.54,3.04
125,NYSE,FDX,FEDEX CORP,24429.9,2008-06-30,78.79,51.926,-13.98,-14.87,-11.43,-28.69,0.06
126,NYSE,COV,COVIDIEN PLC,23924.5,2008-06-30,47.89,39.046,-4.39,8.23,8.94,12.38,3.15
127,NYSE,BTUUQ,PEABODY ENERGY CORP,23918.5,2008-06-30,1320.75,1221.34,19.12,72.8,43.13,109.31,-23.17
128,NYSE,MHS,MEDCO HEALTH SOLUTIONS INC,23914.3,2008-06-30,47.2,47.2,-2.58,7.79,-6.9,21.04,5.04
129,NYSE,RTN,RAYTHEON CO,23806.7,2008-06-30,56.28,41.476,-11.87,-12.89,-6.88,5.75,1.65
130,NYSE,WMB,WILLIAMS COMPANIES INC,23557.5,2008-06-30,40.31,14.104,6.26,22.57,13.3,28.98,-20.49
131,NYSE,NSC,NORFOLK SOUTHERN CORP,23548.6,2008-06-30,62.67,41.489,-6.99,15.93,25.55,21.65,15.26
132,NYSE,SCHW,SCHWAB CHARLES CORP,23548.2,2008-06-30,20.54,16.295,-7.4,9.33,-19.23,6.09,11.45
133,NYSE,PEG,PUBLIC SERVICE ENTERPRISE GROUP INC,23355.6,2008-06-30,45.93,23.267,4.51,15.1,-5.15,7.5,-8.99
134,NYSE,TMO,THERMO FISHER SCIENTIFIC INC,23306.8,2008-06-30,55.73,52.73,-5.57,-1.95,-3.38,7.75,8.6
135,NYSE,ETR,ENTERGY CORP,23072.3,2008-06-30,60.24,28.712,-0.24,11.19,2.2,15.33,-11.25
136,NYSE,NOC,NORTHROP GRUMMAN CORP,22883.6,2008-06-30,66.9,41.276,-11.34,-13.56,-14.08,-12.4,0.73
137,NYSE,NEM,NEWMONT CORP,22771.9,2008-06-30,52.16,36.153,9.97,15.39,7.26,34.67,-8.05
138,NYSE,DUK,DUKE ENERGY CORP,21979.0,2008-06-30,52.14,23.316,-5.95,-1.47,-11.77,-0.44,1.15
139,NYSE,VLO,VALERO ENERGY CORP,21763.8,2008-06-30,41.18,21.243,-19.0,-15.89,-40.89,-43.76,-18.87
140,NYSE,X,UNITED STATES STEEL CORP,21751.3,2008-06-30,184.78,160.66,6.99,45.86,53.43,71.34,-13.22
141,NYSE,ADM,ARCHER-DANIELS-MIDLAND CO,21732.4,2008-06-30,33.75,20.974,-14.99,-17.76,-26.87,3.28,-15.17
142,NASDAQ,ADP,AUTOMATIC DATA PROCESSING INC,21721.7,2008-06-30,41.9,23.782,-2.0,-0.48,-4.57,-11.32,1.93
143,NYSE,BEN,FRANKLIN RESOURCES INC,21663.4,2008-06-30,30.55,16.032,-9.26,-5.31,-19.58,-30.33,9.78
144,NYSE,NUE,NUCOR CORP,21546.8,2008-06-30,74.67,46.056,0.53,11.01,27.9,31.77,-23.37
145,NASDAQ,WWY,WRIGLEY WM JR CO,21137.5,2008-06-30,77.78,77.447,0.84,24.44,34.21,43.44,1.95
146,NASDAQ,ADBE,ADOBE INC,20948.5,2008-06-30,39.39,39.39,-10.6,10.68,-7.82,-1.89,4.98
147,NASDAQ,CME,CME GROUP INC,20889.4,2008-06-30,76.638,38.13,-10.68,-18.07,-43.85,-27.71,-6.02
148,NYSE,APD,AIR PRODUCTS & CHEMICALS INC,20826.2,2008-06-30,98.86,58.338,-2.57,7.94,1.17,25.1,-3.69
149,NYSE,SPG,SIMON PROPERTY GROUP INC,20562.5,2008-06-30,89.89,37.949,-9.53,-2.4,6.76,1.51,3.05
150,NYSE,CNX,CNX RESOURCES CORP,20537.9,2008-06-30,93.642,73.5,15.18,62.57,57.45,144.94,-33.8
151,NYSE,GIS,GENERAL MILLS INC,20360.1,2008-06-30,30.385,16.462,-3.85,2.16,8.05,6.86,6.7
152,NYSE,HIG,HARTFORD INSURANCE GROUP INC,20321.0,2008-06-30,64.57,43.775,-9.15,-14.15,-24.85,-32.73,-1.83
153,NYSE,BDX,BECTON DICKINSON & CO,19842.6,2008-06-30,81.3,57.939,-3.41,-4.98,-2.08,10.58,4.44
154,NYSE,PNC,PNC FINANCIAL SERVICES GROUP INC,19748.0,2008-06-30,57.1,34.427,-11.13,-12.03,-11.25,-17.15,26.34
155,NYSE,AET,AETNA INC,19648.9,2008-06-30,40.53,36.668,-14.06,-3.71,-29.79,-17.9,1.19
156,NYSE,PPL,PPL CORP,19498.6,2008-06-30,52.27,21.526,2.55,14.59,1.76,14.65,-10.16
157,NASDAQ,VIAB,VIACOM INC,19324.9,2008-06-30,30.54,24.524,-14.74,-22.92,-30.47,-26.64,-8.55
158,NYSE,TYC,TYCO INTERNATIONAL PLC,19308.9,2008-06-30,40.04,16.701,-11.07,-8.76,1.7,-20.09,11.29
159,NASDAQ,GENZ1,GENZYME CORP,19214.5,2008-06-30,71.88,71.88,5.0,-3.57,-3.44,11.61,6.64
160,OTC,FNMA,FEDERAL NATIONAL MORTGAGE ASSOCIATION FANNIE MAE,19165.1,2008-06-30,19.51,19.392,-27.8,-25.01,-50.11,-68.94,-41.05
161,NYSE,KR,KROGER CO,19100.4,2008-06-30,14.435,10.144,4.45,14.04,8.76,3.85,-2.04
162,NYSE,MUR,MURPHY OIL CORP,18627.5,2008-06-30,98.05,46.919,5.83,19.63,16.11,66.67,-18.68
163,NYSE,WM,WASTE MANAGEMENT INC,18503.5,2008-06-30,37.71,23.562,-0.58,13.18,17.22,-0.59,-5.76
164,NYSE,CAH,CARDINAL HEALTH INC,18407.0,2008-06-30,51.58,23.947,-8.52,-1.5,-10.23,-26.32,4.17
165,NYSE,BSX,BOSTON SCIENTIFIC CORP,18389.0,2008-06-30,12.29,12.29,-7.52,-4.51,5.67,-19.88,-3.25
166,NYSE,CB,CHUBB LTD,18339.8,2008-06-30,55.09,38.112,-7.81,0.58,-9.93,-10.19,-7.97
167,NYSE,WU,WESTERN UNION CO,18292.1,2008-06-30,24.72,11.897,4.57,16.23,1.81,18.89,11.81
168,NYSE,SE1,SPECTRA ENERGY CORP,18191.2,2008-06-30,28.74,19.823,7.23,27.36,13.35,14.7,-5.46
169,NYSE,K,KELLANOVA,18191.1,2008-06-30,48.02,25.717,-7.31,-8.08,-7.29,-5.07,10.5
170,NYSE,CB1,CHUBB CORP,17912.6,2008-06-30,49.01,41.334,-8.84,-0.95,-9.61,-7.89,-1.98
171,NYSE,CCU1,CLEAR CHANNEL COMMUNICATIONS INC,17525.5,2008-06-30,35.2,35.2,0.51,20.47,1.97,-6.93,2.1
172,NYSE,NEBLQ,NOBLE CORP,17458.8,2008-06-30,64.96,45.716,2.88,32.55,16.6,35.35,-20.15
173,NASDAQ,NBL,NOBLE ENERGY INC,17317.7,2008-06-30,50.28,43.09,3.19,38.43,26.94,62.35,-26.36
174,NYSE,TEL,TE CONNECTIVITY PLC,17122.8,2008-06-30,35.82,22.171,-10.72,4.79,-2.74,-7.18,-7.11
175,NYSE,JCI,JOHNSON CONTROLS INTERNATIONAL PLC,17019.2,2008-06-30,28.68,17.049,-15.45,-14.8,-19.78,-24.59,5.16
176,NYSE,AMT,AMERICAN TOWER CORP,16755.2,2008-06-30,42.25,30.586,-7.59,7.75,-0.82,0.6,-0.83
177,NYSE,EIX,EDISON INTERNATIONAL,16740.2,2008-06-30,51.38,26.486,-2.89,5.45,-2.55,-6.32,-5.92
178,NASDAQ,SII1,SMITH INTERNATIONAL INC,16702.6,2008-06-30,83.14,80.133,5.51,29.64,12.97,42.69,-10.54
179,NASDAQ,SPLS1,STAPLES INC,16675.4,2008-06-30,23.75,17.975,1.28,7.42,4.42,1.52,-5.26
180,NYSE,YUM,YUM BRANDS INC,16623.2,2008-06-30,35.09,17.572,-11.61,-5.32,-7.58,8.99,2.63
181,NYSE,MSI,MOTOROLA SOLUTIONS INC,16553.3,2008-06-30,51.38,24.331,-20.89,-20.63,-53.75,-57.84,17.71
182,NYSE,SYY,SYSCO CORP,16523.5,2008-06-30,27.51,16.146,-10.85,-4.49,-10.55,-14.43,3.91
183,NYSE,FLR,FLUOR CORP,16505.8,2008-06-30,93.04,77.925,-0.12,32.0,28.09,68.09,-12.56
184,NASDAQ,BIIB,BIOGEN INC,16377.0,2008-06-30,55.89,51.516,-10.93,-9.4,-1.81,4.47,24.82
185,NYSE,BBY,BEST BUY CO INC,16307.1,2008-06-30,39.6,22.667,-15.18,-4.2,-24.36,-14.26,0.63
186,NYSE,SWN,SOUTHWESTERN ENERGY CO,16280.9,2008-06-30,47.61,47.61,7.37,41.32,70.89,113.98,-23.73
187,NASDAQ,GEN,GEN DIGITAL INC,16256.4,2008-06-30,19.35,7.015,-10.95,16.43,19.89,-4.21,8.9
188,NASDAQ,AEP,AMERICAN ELECTRIC POWER CO INC,16156.0,2008-06-30,40.23,19.753,-4.96,-2.46,-11.97,-7.44,-1.81
189,NYSE,AGN1,ALLERGAN INC,16006.0,2008-06-30,52.05,52.05,-9.67,-7.7,-18.98,-9.7,-0.23
190,NYSE,ZBH,ZIMMER BIOMET HOLDINGS INC,15752.9,2008-06-30,68.05,58.778,-6.53,-12.6,2.87,-19.84,1.26
191,NASDAQ,ESRX,EXPRESS SCRIPTS HOLDING CO,15751.8,2008-06-30,31.36,31.36,-13.02,-2.49,-14.08,25.41,12.47
192,NYSE,MCK,MCKESSON CORP,15502.7,2008-06-30,55.91,48.517,-2.82,6.98,-14.39,-5.78,0.14
193,NYSE,AVP,AVON PRODUCTS INC,15371.9,2008-06-30,36.02,28.482,-7.78,-8.44,-7.95,0.02,17.71
194,NASDAQ,PCAR,PACCAR INC,15274.4,2008-06-30,27.887,15.435,-21.65,-6.71,-22.62,-25.47,0.54
195,NYSE,EP1,EL PASO CORP,15268.6,2008-06-30,21.74,20.967,11.43,30.91,26.67,27.37,-17.53
196,NASDAQ,NTRS,NORTHERN TRUST CORP,15094.7,2008-06-30,68.57,43.771,-9.42,3.56,-9.73,8.43,14.0
197,NASDAQ,HNZ,HEINZ H J CO,14955.9,2008-06-30,47.85,39.927,-3.32,2.73,4.25,4.2,5.29
198,NASDAQ,TROW,PRICE T ROWE GROUP INC,14665.2,2008-06-30,56.47,31.505,-2.11,13.39,-6.41,10.57,5.99
199,NYSE,CEG1,CONSTELLATION ENERGY GROUP INC,14645.1,2008-06-30,82.1,82.1,-4.79,-6.99,-19.93,-5.82,1.29
200,NYSE,OMC,OMNICOM GROUP INC,14375.1,2008-06-30,44.88,26.536,-8.14,1.9,-4.96,-14.12,-4.88
201,NYSE,COF,CAPITAL ONE FINANCIAL CORP,14261.1,2008-06-30,38.01,28.26,-21.01,-22.24,-18.41,-50.79,10.13
202,NASDAQ,BRCM,BROADCOM CORP,14188.1,2008-06-30,27.29,25.346,-4.88,41.62,4.4,-6.7,-10.99
203,NYSE,PCG,PG&E CORP,14179.6,2008-06-30,39.69,27.339,1.26,8.88,-5.98,-9.15,-2.92
204,NASDAQ,EA,ELECTRONIC ARTS INC,14147.3,2008-06-30,44.43,43.114,-11.49,-11.0,-23.93,-6.11,-2.81
205,NYSE,SRE,SEMPRA,14131.8,2008-06-30,28.225,16.144,-1.75,6.6,-7.64,-2.51,-0.51
206,NYSE,SUNEQ,SUNEDISON INC,14015.3,2008-06-30,61.54,61.54,-10.37,-13.2,-30.46,0.69,-24.91
207,NYSE,NBR,NABORS INDUSTRIES LTD,13859.1,2008-06-30,2461.5,2050.135,17.1,45.78,79.74,47.48,-25.94
208,NYSE,STJ,ST JUDE MEDICAL INC,13852.5,2008-06-30,40.88,36.575,0.32,-5.35,0.59,-1.47,13.94
209,NYSE,RAI,REYNOLDS AMERICAN INC,13783.1,2008-06-30,11.668,7.22,-13.69,-19.7,-27.15,-24.41,19.63
210,NYSE,AON,AON PLC,13723.5,2008-06-30,45.94,37.777,-2.65,14.65,-3.02,9.31,0.03
211,NYSE,PSA,PUBLIC STORAGE,13665.4,2008-06-30,80.79,42.018,-7.73,-8.24,11.5,7.98,1.36
212,NYSE,MRSH,MARSH & MCLENNAN COMPANIES INC,13582.4,2008-06-30,26.55,17.947,-2.5,9.9,1.83,-11.54,7.2
213,NYSE,VNO,VORNADO REALTY TRUST,13516.5,2008-06-30,88.0,32.815,-9.96,3.06,2.02,-17.02,8.03
214,NYSE,NYX1,NYSE EURONEXT,13424.9,2008-06-30,50.66,40.731,-20.33,-17.48,-41.74,-30.09,-6.75
215,NYSE,PCP,PRECISION CASTPARTS CORP,13424.1,2008-06-30,96.37,95.75,-20.2,-5.57,-30.48,-20.51,-3.05
216,NYSE,TJX,TJX COMPANIES INC,13364.5,2008-06-30,7.867,6.189,-1.84,-4.52,10.22,15.9,7.13
217,NYSE,CMI,CUMMINS INC,13308.2,2008-06-30,65.52,43.259,-6.96,40.19,3.31,30.59,1.25
218,NASDAQ,PSKY,PARAMOUNT SKYDANCE CORP,13273.0,2008-06-30,19.49,13.396,-9.68,-10.62,-26.79,-39.07,-16.06
219,NYSE,AES,AES CORP,12905.5,2008-06-30,19.21,10.776,-1.39,15.24,-10.19,-12.2,-15.98
220,NYSE,SPGI,S&P GLOBAL INC,12890.6,2008-06-30,40.12,29.228,-3.3,9.18,-7.43,-39.92,1.37
221,NYSE,A,AGILENT TECHNOLOGIES INC,12798.2,2008-06-30,35.54,22.743,-4.95,19.14,-3.27,-7.54,1.46
222,NYSE,STI1,SUNTRUST BANKS INC,12716.7,2008-06-30,36.22,28.929,-30.63,-33.36,-40.47,-55.76,13.36
223,NYSE,PGR,PROGRESSIVE CORP,12683.0,2008-06-30,18.72,10.791,-6.68,16.5,-1.51,-13.44,8.16
224,NYSE,SWY,SAFEWAY INC,12504.9,2008-06-30,28.55,24.226,-10.17,-2.46,-16.11,-15.33,-6.41
225,NYSE,ETN,EATON CORP PLC,12499.1,2008-06-30,42.485,25.64,-12.11,7.25,-11.33,-6.72,-15.81
226,NYSE,TFC,TRUIST FINANCIAL CORP,12451.6,2008-06-30,22.77,11.569,-27.64,-27.97,-23.43,-40.96,25.69
227,NASDAQ,CPB,CAMPBELL'S CO,12431.0,2008-06-30,33.46,18.573,-0.06,-0.8,-5.74,-11.69,9.43
228,NASDAQ,EDS,ELECTRONIC DATA SYSTEMS CORP,12384.1,2008-06-30,24.64,24.59,0.61,48.29,19.42,-10.31,0.69
229,NYSE,STR1,QUESTAR CORP,12310.4,2008-06-30,71.04,18.715,10.62,25.84,31.85,35.63,-25.56
230,NYSE,KSS,KOHLS CORP,12281.2,2008-06-30,40.04,20.524,-10.63,-6.65,-12.57,-43.63,4.67
231,NASDAQ,XRX,XEROX HOLDINGS CORP,12192.2,2008-06-30,54.24,24.804,0.16,-9.14,-15.74,-25.99,0.59
232,NYSE,GAP,GAP INC,12068.4,2008-06-30,16.67,9.912,-8.65,-14.92,-21.0,-11.25,-2.8
233,NYSE,LO,LORILLARD INC,12028.6,2008-06-30,23.053,16.413,,,,,-2.97
234,NYSE,CAM2,CAMERON INTERNATIONAL CORP,11992.4,2008-06-30,55.35,55.35,3.98,32.93,15.0,54.89,-13.71
235,NYSE,PH,PARKER-HANNIFIN CORP,11962.6,2008-06-30,71.32,52.487,-15.77,3.21,-4.76,10.5,-13.52
236,NYSE,TXT,TEXTRON INC,11946.0,2008-06-30,47.93,44.907,-23.06,-13.16,-32.22,-11.57,-9.3
237,NASDAQ,CA1,CA INC,11861.9,2008-06-30,23.09,17.87,-12.85,2.8,-7.14,-10.02,4.03
238,NYSE,LNC,LINCOLN NATIONAL CORP,11751.6,2008-06-30,45.32,27.566,-17.84,-12.18,-20.96,-34.4,6.18
239,NYSE,VALPQ,VALARIS PLC,11654.5,2008-06-30,322.96,253.587,12.44,28.98,35.53,32.56,-14.37
240,NYSE,JNPR,JUNIPER NETWORKS INC,11643.4,2008-06-30,22.18,16.971,-19.4,-11.28,-33.19,-11.88,17.36
241,NYSE,ITT,ITT INC,11506.1,2008-06-30,126.66,19.942,-4.05,22.57,-3.55,-6.3,5.73
242,NASDAQ,SBUX,STARBUCKS CORP,11458.7,2008-06-30,7.87,5.802,-13.47,-10.05,-23.1,-40.01,-6.67
243,NASDAQ,PAYX,PAYCHEX INC,11272.0,2008-06-30,31.28,16.807,-9.46,-7.94,-12.13,-17.46,6.24
244,NYSE,LLL1,L3 TECHNOLOGIES INC,11146.3,2008-06-30,90.87,69.541,-15.38,-16.67,-13.75,-5.72,8.61
245,NYSE,LEHMQ,LEHMAN BROTHERS HOLDINGS INC,10967.7,2008-06-30,19.81,19.81,-46.18,-47.13,-69.49,-73.06,-12.47
246,NYSE,JEF,JEFFERIES FINANCIAL GROUP INC,10923.3,2008-06-30,46.94,29.269,-13.55,3.81,-0.34,33.84,-4.62
247,NASDAQ,PGN1,PROGRESS ENERGY INC,10879.6,2008-06-30,41.633,32.826,-2.18,1.77,-11.24,-3.18,2.64
248,NASDAQ,PFG,PRINCIPAL FINANCIAL GROUP INC,10865.9,2008-06-30,41.97,23.209,-22.1,-24.68,-39.03,-27.04,1.28
249,NYSE,WY,WEYERHAEUSER CO,10803.7,2008-06-30,51.14,10.377,-17.95,-20.63,-29.36,-32.87,5.77
250,NYSE,BXP,BXP INC,10799.3,2008-06-30,90.22,47.408,-7.0,-1.28,-0.27,-3.29,6.62
251,NYSE,F,FORD MOTOR CO,10784.0,2008-06-30,4.81,2.421,-29.27,-15.94,-28.54,-48.95,-0.21
252,NYSE,ED,CONSOLIDATED EDISON INC,10657.3,2008-06-30,39.09,18.861,-5.35,-0.15,-17.74,-8.69,1.56
253,NYSE,ECL,ECOLAB INC,10625.2,2008-06-30,42.99,34.951,-3.83,-0.73,-15.57,1.79,3.98
254,OTC,FMCC,FEDERAL HOME LOAN MORTGAGE CORP,10611.0,2008-06-30,16.4,16.4,-34.77,-34.51,-50.76,-71.91,-50.18
255,NYSE,FRX1,FOREST LABORATORIES INC,10587.3,2008-06-30,34.74,34.74,-3.26,-13.17,-4.69,-23.9,2.22
256,NASDAQ,ISRG,INTUITIVE SURGICAL INC,10426.8,2008-06-30,29.933,29.933,-8.24,-16.94,-16.6,94.13,15.55
257,NASDAQ,NVDA,NVIDIA CORP,10384.6,2008-06-30,0.468,0.429,-24.2,-5.3,-44.93,-32.01,-38.93
258,NYSE,EQR,EQUITY RESIDENTIAL,10352.1,2008-06-30,38.27,17.153,-8.45,-6.69,7.48,-11.95,12.8
259,NYSE,TT,TRANE TECHNOLOGIES PLC,10214.1,2008-06-30,37.43,17.126,-15.01,-15.7,-18.76,-30.64,-3.82
260,NYSE,IP,INTERNATIONAL PAPER CO,9963.7,2008-06-30,23.3,10.884,-14.4,-13.54,-26.84,-38.44,18.97
261,NYSE,CI,CIGNA GROUP,9938.0,2008-06-30,35.39,31.744,-12.83,-12.77,-34.07,-32.14,4.61
262,NYSE,TPR,TAPESTRY INC,9856.7,2008-06-30,28.88,18.609,-20.44,-4.21,-5.56,-39.06,-11.67
263,NYSE,RRC,RANGE RESOURCES CORP,9851.6,2008-06-30,65.54,60.101,-0.27,3.36,27.77,75.7,-25.91
264,NYSE,J,JACOBS SOLUTIONS INC,9829.6,2008-06-30,80.7,62.102,-14.86,9.66,-15.59,40.32,-4.16
265,NASDAQ,SHLDQ,SEARS HOLDINGS CORP,9724.1,2008-06-30,73.66,48.917,-13.05,-27.85,-27.82,-56.54,9.96
266,NYSE,BEAM2,BEAM INC,9591.7,2008-06-30,62.41,45.089,-9.57,-9.6,-12.6,-22.38,-8.17
267,NYSE,LUV,SOUTHWEST AIRLINES CO,9542.1,2008-06-30,13.04,11.159,-0.13,5.19,6.96,-12.43,19.55
268,NYSE,DGX,QUEST DIAGNOSTICS INC,9443.3,2008-06-30,48.47,35.537,-3.85,7.29,-8.0,-5.43,9.91
269,NYSE,PPG,PPG INDUSTRIES INC,9414.2,2008-06-30,28.685,19.564,-8.98,-4.41,-16.96,-22.29,5.7
270,NYSE,CAG,CONAGRA BRANDS INC,9401.4,2008-06-30,19.28,7.819,-18.24,-18.84,-17.57,-25.89,13.43
271,NASDAQ,CTSH,COGNIZANT TECHNOLOGY SOLUTIONS CORP,9391.6,2008-06-30,16.255,14.245,-7.85,12.77,-4.21,-13.3,-13.66
272,NYSE,BJS,BJ SERVICES CO,9386.3,2008-06-30,31.94,31.216,5.93,12.21,32.13,13.17,-7.95
273,NYSE,GGP,GGP INC,9370.3,2008-06-30,35.03,21.01,-15.71,-7.28,-13.02,-31.43,-20.64
274,NASDAQ,CHRW,C H ROBINSON WORLDWIDE INC,9359.4,2008-06-30,54.84,36.858,-14.68,1.16,2.11,6.04,-12.11
275,NASDAQ,MAR,MARRIOTT INTERNATIONAL INC,9276.9,2008-06-30,26.24,20.356,-20.01,-23.23,-22.83,-38.77,-1.26
276,NASDAQ,ADI,ANALOG DEVICES INC,9217.1,2008-06-30,31.77,20.782,-9.51,8.25,1.46,-13.64,-3.96
277,NYSE,EXPD,EXPEDITORS INTERNATIONAL OF WASHINGTON INC,9171.7,2008-06-30,43.0,34.317,-8.67,-4.5,-3.43,4.8,-17.42
278,NYSE,DOV,DOVER CORP,9160.0,2008-06-30,48.37,22.926,-10.56,16.2,5.83,-3.84,2.6
279,NYSE,BF.B,BROWN FORMAN CORP,9113.5,2008-06-30,16.122,10.893,0.98,14.65,2.98,5.36,-4.78
280,NASDAQ,ROH,ROHM & HAAS CO,9101.8,2008-06-30,46.44,45.589,-13.97,-13.5,-11.25,-12.7,61.5
281,NYSE,AMP,AMERIPRISE FINANCIAL INC,9034.9,2008-06-30,40.67,27.862,-13.94,-21.31,-25.77,-35.32,4.5
282,NASDAQ,SLM,SLM CORP,9033.4,2008-06-30,19.35,5.79,-14.65,26.06,-3.93,-66.4,-11.47
283,NYSE,EL,ESTEE LAUDER COMPANIES INC,9004.8,2008-06-30,23.225,18.418,-2.42,1.31,6.51,3.36,-5.06
284,NASDAQ,INTU,INTUIT INC,8850.2,2008-06-30,27.57,24.213,-4.8,2.07,-12.78,-8.34,-0.87
285,NYSE,AEE,AMEREN CORP,8846.1,2008-06-30,42.23,20.901,-5.74,-2.72,-19.77,-9.08,-2.7
286,NYSE,KIM,KIMCO REALTY CORP,8758.0,2008-06-30,34.52,14.339,-12.27,-11.0,-4.23,-5.75,3.43
287,NYSE,BCR,BARD C R INC,8731.4,2008-06-30,87.95,82.556,-3.56,-8.62,-6.94,7.15,5.75
288,NASDAQ,HCBK,HUDSON CITY BANCORP INC,8659.1,2008-06-30,16.68,13.047,-6.29,-5.09,12.34,39.75,9.47
289,NYSE,HSH,HILLSHIRE BRANDS CO,8652.3,2008-06-30,61.25,16.497,-10.37,-11.65,-22.49,-27.54,11.51
290,NASDAQ,XEL,XCEL ENERGY INC,8647.3,2008-06-30,20.07,10.68,-4.7,1.79,-8.98,2.43,-0.06
291,NYSE,HOG,HARLEY-DAVIDSON INC,8577.5,2008-06-30,36.26,24.049,-12.06,-2.51,-21.1,-37.37,4.36
292,NASDAQ,JAVA1,SUN MICROSYSTEMS INC,8505.8,2008-06-30,10.88,10.88,-15.98,-29.94,-39.99,-48.29,-2.3
293,NYSE,CCE1,COCA-COLA ENTERPRISES INC,8435.2,2008-06-30,17.3,15.524,-13.79,-28.25,-33.11,-27.1,-2.14
294,NYSE,MCO,MOODYS CORP,8427.5,2008-06-30,34.44,27.649,-7.12,-0.9,-3.06,-44.16,1.07
295,NASDAQ,AYE,ALLEGHENY ENERGY INC,8420.0,2008-06-30,50.11,47.177,-8.22,-0.5,-20.77,-2.35,-3.41
296,NYSE,TAP,MOLSON COORS BEVERAGE CO,8335.5,2008-06-30,54.33,34.593,-6.33,3.71,5.93,19.06,-0.66
297,NYSE,M,MACY'S INC,8165.7,2008-06-30,19.42,10.581,-17.44,-15.26,-24.04,-50.15,-3.14
298,NYSE,UST1,UST INC,8073.4,2008-06-30,54.61,53.616,0.01,1.31,1.98,6.45,-3.66
299,NYSE,CPPRQ,OLD COPPER COMPANY INC,8057.8,2008-06-30,36.29,32.523,-9.82,-3.29,-16.62,-49.03,-14.6
300,NYSE,ICE,INTERCONTINENTAL EXCHANGE INC,8044.7,2008-06-30,22.8,19.452,-17.51,-12.64,-40.78,-22.9,-12.46
301,NYSE,AIZ,ASSURANT INC,7798.2,2008-06-30,65.96,46.182,-3.04,8.61,-1.01,12.86,-8.85
302,NYSE,VFC,V F CORP,7768.0,2008-06-30,17.795,10.277,-5.22,-7.44,5.28,-19.9,0.56
303,NYSE,MTB,M&T BANK CORP,7767.3,2008-06-30,70.54,40.805,-18.6,-11.65,-12.13,-31.95,-0.23
304,NYSE,LH,LABCORP HOLDINGS INC,7749.8,2008-06-30,69.63,56.888,-5.64,-5.5,-7.81,-11.03,-2.94
305,NYSE,IGT1,INTERNATIONAL GAME TECHNOLOGY,7733.8,2008-06-30,24.98,22.108,-29.56,-37.53,-42.62,-36.09,-13.09
306,NYSE,AKS,AK STEEL HOLDING CORP,7728.8,2008-06-30,69.0,64.55,-2.82,26.88,49.49,84.97,-7.97
307,NYSE,GNW,GENWORTH FINANCIAL INC,7709.4,2008-06-30,17.81,17.339,-19.41,-21.0,-29.42,-47.47,-9.82
308,NYSE,COL,ROCKWELL COLLINS INC,7709.2,2008-06-30,47.96,40.109,-21.85,-15.76,-32.93,-31.36,3.61
309,NYSE,AZO,AUTOZONE INC,7659.5,2008-06-30,121.01,121.01,-4.39,6.31,0.92,-11.43,7.67
310,NYSE,RF,REGIONS FINANCIAL CORP,7580.4,2008-06-30,10.91,6.614,-37.02,-43.18,-51.66,-64.5,-13.11
311,NASDAQ,ADSK,AUTODESK INC,7571.7,2008-06-30,33.81,33.81,-17.86,7.4,-32.05,-28.19,-5.68
312,NYSE,MEE,MASSEY ENERGY CO,7546.1,2008-06-30,93.75,91.479,45.16,156.99,162.78,253.61,-20.8
313,NYSE,HOT,STARWOOD HOTEL & RESORTS WORLDWIDE INC,7480.8,2008-06-30,40.07,30.464,-17.21,-22.57,-8.99,-39.02,-14.42
314,NYSE,DOC,HEALTHPEAK PROPERTIES INC,7472.0,2008-06-30,31.81,10.94,-7.15,-4.72,-5.92,16.57,13.39
315,NYSE,HSY,HERSHEY CO,7442.5,2008-06-30,32.78,21.034,-16.36,-12.27,-15.44,-33.26,12.17
316,NASDAQ,FISV,FISERV INC,7437.4,2008-06-30,11.342,11.342,-13.35,-5.66,-18.24,-20.13,5.4
317,NASDAQ,APOL,APOLLO EDUCATION GROUP INC,7426.7,2008-06-30,44.26,44.26,-7.39,2.45,-36.91,-24.25,40.74
318,NASDAQ,VRSN,VERISIGN INC,7359.9,2008-06-30,37.8,31.708,-5.59,13.72,0.51,19.13,-13.92
319,NYSE,PCL1,PLUM CREEK TIMBER CO INC,7308.1,2008-06-30,42.71,30.926,-8.44,5.96,-5.36,6.73,14.07
320,NASDAQ,BBBYQ,BED BATH & BEYOND INC,7275.7,2008-06-30,28.1,24.359,-11.8,-4.74,-4.39,-21.92,-0.96
321,NASDAQ,LLTC,LINEAR TECHNOLOGY CORP,7226.1,2008-06-30,32.57,25.277,-11.42,6.74,3.67,-7.8,-4.66
322,NYSE,FIS,FIDELITY NATIONAL INFORMATION SERVICES INC,7201.7,2008-06-30,36.91,15.196,-8.25,-3.1,-11.03,-31.67,-6.59
323,NYSE,CLX,CLOROX CO,7195.2,2008-06-30,52.2,30.112,-8.63,-7.17,-18.79,-13.68,5.3
324,NASDAQ,NTAP,NETAPP INC,7145.7,2008-06-30,21.66,15.913,-11.16,8.03,-13.22,-25.8,17.96
325,NASDAQ,HST,HOST HOTELS & RESORTS INC,7128.4,2008-06-30,13.65,7.601,-19.44,-13.01,-17.75,-37.39,-3.96
326,NYSE,UNM,UNUM GROUP,7082.9,2008-06-30,20.45,12.717,-15.07,-6.79,-13.45,-20.64,18.54
327,NYSE,CSC,COMPUTER SCIENCES CORP,7079.4,2008-06-30,46.84,17.879,-4.7,14.83,-5.32,-20.81,1.13
328,NYSE,PBI,PITNEY BOWES INC,7078.3,2008-06-30,34.1,13.347,-6.09,-1.73,-8.69,-24.61,-7.07
329,NASDAQ,XLNX,XILINX INC,7051.4,2008-06-30,25.25,18.846,-7.17,6.91,16.72,-3.69,-1.67
330,NYSE,HRB,H&R BLOCK INC,6994.4,2008-06-30,21.4,10.987,-7.74,3.73,16.9,-5.79,13.69
331,NYSE,EQ1,EMBARQ CORP,6974.4,2008-06-30,47.27,43.975,1.33,19.58,-1.55,-21.28,-3.17
332,NASDAQ,SIAL,SIGMA ALDRICH CORP,6943.3,2008-06-30,53.86,49.904,-8.34,-9.5,-0.91,27.4,12.77
333,NYSE,DTE,DTE ENERGY CO,6924.0,2008-06-30,42.44,18.279,-2.9,10.45,-0.95,-7.71,-3.44
334,NASDAQ,KLAC,KLA CORP,6923.2,2008-06-30,40.71,22.124,-11.73,10.09,-14.9,-24.99,-7.67
335,NASDAQ,BMC,BMC SOFTWARE INC,6876.1,2008-06-30,36.0,36.0,-10.22,10.7,1.01,18.81,-8.64
336,NYSE,CBE,COOPER INDUSTRIES PLC,6873.5,2008-06-30,39.5,39.5,-15.29,-1.62,-25.3,-30.81,6.76
337,NYSE,Q1,QWEST COMMUNICATIONS INTERNATIONAL INC,6873.2,2008-06-30,3.93,3.198,-18.96,-11.8,-42.22,-58.25,-2.56
338,NYSE,AVB,AVALONBAY COMMUNITIES INC,6863.1,2008-06-30,89.16,46.756,-11.01,-6.69,-3.44,-22.29,11.83
339,NYSE,HUM,HUMANA INC,6729.6,2008-06-30,39.77,34.724,-22.1,-11.35,-47.19,-34.71,10.41
340,NYSE,CTRA,COTERRA ENERGY INC,6634.3,2008-06-30,16.933,11.981,12.41,33.29,67.99,84.21,-35.02
341,NYSE,GME,GAMESTOP CORP,6599.6,2008-06-30,10.1,6.785,-18.56,-21.88,-34.96,3.32,0.28
342,NYSE,JWN,NORDSTROM INC,6572.1,2008-06-30,30.3,18.108,-13.38,-6.62,-16.78,-39.8,-5.15
343,NYSE,SVU,SUPERVALU INC,6563.9,2008-06-30,216.23,181.239,-11.92,3.54,-16.75,-32.02,-17.06
344,NYSE,VMC,VULCAN MATERIALS CO,6542.4,2008-06-30,59.78,49.261,-22.29,-9.39,-23.38,-46.52,7.38
345,NYSE,VAR,VARIAN MEDICAL SYSTEMS INC,6513.5,2008-06-30,51.85,45.936,9.07,10.69,-0.6,21.97,15.72
346,NYSE,MTLQQ,GENERAL MOTORS CORP,6510.8,2008-06-30,11.5,11.5,-32.75,-39.63,-53.36,-68.8,-3.74
347,NYSE,GPC,GENUINE PARTS CO,6500.3,2008-06-30,39.68,22.684,-9.02,-0.45,-12.7,-17.27,1.08
348,NYSE,WAT,WATERS CORP,6456.7,2008-06-30,64.5,64.5,4.84,15.8,-18.43,8.66,5.33
349,NYSE,COR,CENCORA INC,6438.9,2008-06-30,19.995,15.668,-3.24,-2.23,-10.56,-16.19,4.7
350,NYSE,ROK,ROCKWELL AUTOMATION INC,6417.1,2008-06-30,43.73,29.788,-25.31,-23.44,-35.93,-35.83,1.78
351,NYSE,HSP,HOSPIRA INC,6381.3,2008-06-30,40.11,40.11,-4.36,-6.22,-5.93,2.74,-4.86
352,NYSE,DFS,DISCOVER FINANCIAL SERVICES,6312.7,2008-06-30,13.17,9.763,-22.86,-18.92,-11.98,-53.11,11.24
353,NYSE,RRD,RR DONNELLEY & SONS CO,6303.2,2008-06-30,89.07,20.735,-9.56,-1.17,-19.99,-29.68,-10.07
354,NYSE,SNI,SCRIPPS NETWORKS INTERACTIVE INC,6268.9,2008-06-30,38.35,34.441,,,,,5.71
355,NYSE,GWW,WW GRAINGER INC,6258.3,2008-06-30,81.8,60.873,-10.37,7.58,-5.69,-10.56,9.42
356,NYSE,RL,RALPH LAUREN CORP,6241.4,2008-06-30,62.78,48.172,-10.05,7.78,1.76,-35.82,-5.75
357,NASDAQ,ALTR1,ALTERA CORP,6205.7,2008-06-30,20.7,18.858,-10.55,12.56,7.63,-5.69,5.94
358,NASDAQ,MAT,MATTEL INC,6196.0,2008-06-30,17.12,11.21,-14.99,-13.97,-10.08,-29.77,17.11
359,NYSE,PBG,PEPSI BOTTLING GROUP INC,6096.4,2008-06-30,27.92,26.834,-13.42,-17.23,-28.57,-15.7,-0.25
360,NYSE,LM,LEGG MASON INC,6063.1,2008-06-30,43.57,32.926,-18.66,-21.82,-39.95,-55.07,-7.39
361,NYSE,SAF2,SAFECO CORP,6038.3,2008-06-30,67.16,66.759,0.24,54.48,22.68,11.14,-0.9
362,NYSE,ATI,ATI INC,5993.4,2008-06-30,59.28,50.011,-20.96,-16.72,-31.05,-43.02,-20.23
363,NASDAQ,GR,GOODRICH CORP,5936.1,2008-06-30,47.46,44.441,-26.77,-17.18,-32.29,-19.23,3.54
364,NASDAQ,AKAM,AKAMAI TECHNOLOGIES INC,5853.1,2008-06-30,34.79,34.79,-10.91,23.54,0.55,-28.47,-32.91
365,NYSE,BBWI,BATH & BODY WORKS INC,5734.7,2008-06-30,16.85,5.63,-13.06,-0.69,-9.54,-36.67,-2.13
366,NYSE,MAS,MASCO CORP,5689.5,2008-06-30,15.73,9.738,-15.16,-19.72,-25.52,-42.45,6.37
367,NASDAQ,MCHP,MICROCHIP TECHNOLOGY INC,5648.4,2008-06-30,15.27,9.112,-17.1,-5.87,-0.91,-14.48,4.55
368,NYSE,ABI1,APPLIED BIOSYSTEMS INC,5646.9,2008-06-30,33.48,33.441,-3.68,2.01,-1.05,10.18,10.3
369,NYSE,GHC,GRAHAM HOLDINGS CO,5591.3,2008-06-30,586.9,281.966,-6.61,-11.0,-25.39,-23.52,5.72
370,NYSE,SHW,SHERWIN WILLIAMS CO,5470.1,2008-06-30,15.31,12.297,-18.2,-9.47,-19.88,-29.37,15.94
371,NYSE,AW,ALLIED WASTE INDUSTRIES INC,5457.5,2008-06-30,12.62,12.62,-6.31,16.74,14.52,-6.24,-4.12
372,NYSE,ANF,ABERCROMBIE & FITCH CO,5447.7,2008-06-30,62.68,43.65,-13.67,-14.1,-21.27,-13.35,-11.9
373,NYSE,FITB,FIFTH THIRD BANCORP,5416.8,2008-06-30,10.18,6.16,-44.77,-50.63,-58.05,-72.7,37.22
374,NASDAQ,CTXS,CITRIX SYSTEMS INC,5397.8,2008-06-30,29.41,22.561,-14.08,0.27,-22.63,-12.65,-9.42
375,NYSE,TSN,TYSON FOODS INC,5305.1,2008-06-30,14.94,10.659,-20.7,-6.13,-2.07,-34.54,-0.26
376,NYSE,CNP,CENTERPOINT ENERGY INC,5268.7,2008-06-30,16.05,8.002,-5.26,13.76,-4.11,-3.66,-1.74
377,NYSE,GL,GLOBE LIFE INC,5267.0,2008-06-30,26.067,21.943,-7.51,-2.21,-2.67,-11.72,-0.79
378,NYSE,RDC,ROWAN COMPANIES PLC,5264.5,2008-06-30,46.75,44.93,5.89,13.78,19.06,15.24,-14.87
379,NASDAQ,EXPE,EXPEDIA GROUP INC,5261.3,2008-06-30,36.76,16.375,-24.21,-16.03,-41.87,-37.25,6.47
380,NYSE,EMN,EASTMAN CHEMICAL CO,5249.5,2008-06-30,34.43,20.251,-9.58,10.92,14.15,9.89,-12.93
381,NYSE,WAMUQ,WASHINGTON MUTUAL INC,5220.0,2008-06-30,4.93,4.93,-45.23,-52.04,-63.16,-87.55,8.11
382,NYSE,TEX,TEREX CORP,5183.2,2008-06-30,51.37,44.744,-28.0,-17.81,-21.66,-36.81,-7.86
383,NYSE,POM1,PEPCO HOLDINGS INC,5165.8,2008-06-30,25.65,16.797,-4.15,4.85,-10.66,-5.37,-2.77
384,NYSE,ACS,AFFILIATED COMPUTER SERVICES INC,5155.9,2008-06-30,53.49,53.49,-1.31,6.75,18.6,-5.69,-9.89
385,NYSE,TIF,TIFFANY & CO,5133.4,2008-06-30,40.75,31.696,-16.58,-2.25,-10.78,-22.14,-7.26
386,NYSE,NSM1,NATIONAL SEMICONDUCTOR CORP,4981.2,2008-06-30,20.54,19.192,-2.17,12.41,-8.74,-26.62,2.0
387,NYSE,TGNA,TEGNA INC,4955.6,2008-06-30,21.67,7.035,-23.92,-24.55,-43.18,-59.01,-16.38
388,NASDAQ,HAS,HASBRO INC,4952.1,2008-06-30,35.72,20.165,-1.43,28.75,41.34,16.38,8.94
389,NYSE,PLD,PROLOGIS INC,4936.1,2008-06-30,50.38,28.082,-14.52,-6.55,-11.65,-1.92,-1.82
390,NYSE,NI,NISOURCE INC,4913.8,2008-06-30,17.92,3.57,-0.94,5.25,-2.75,-9.21,-3.39
391,NASDAQ,MTCH,MATCH GROUP INC,4885.2,2008-06-30,38.56,7.143,-14.5,-7.13,-28.38,-44.29,-9.44
392,NASDAQ,BRL,BARR PHARMACEUTICALS INC,4871.5,2008-06-30,45.08,45.08,2.92,-6.69,-15.1,-10.25,46.36
393,NASDAQ,ACAS,AMERICAN CAPITAL LTD,4822.9,2008-06-30,23.77,17.134,-23.08,-27.94,-23.15,-37.39,-14.51
394,NYSE,PLL1,PALL CORP,4756.7,2008-06-30,39.68,35.592,-2.77,13.55,-0.9,-12.62,2.2
395,NASDAQ,SUN1,SUNOCO INC,4754.8,2008-06-30,40.69,30.75,-8.5,-21.93,-43.19,-47.93,-0.2
396,NYSE,AVY,AVERY DENNISON CORP,4677.7,2008-06-30,43.93,28.505,-14.14,-10.08,-15.99,-31.86,0.18
397,NYSE,BALL,BALL CORP,4667.9,2008-06-30,11.935,9.995,-12.09,4.1,6.51,-9.48,-6.61
398,NASDAQ,NWL,NEWELL BRANDS INC,4649.2,2008-06-30,16.79,9.066,-16.39,-25.8,-33.86,-40.9,-1.54
399,NYSE,WHR,WHIRLPOOL CORP,4637.6,2008-06-30,61.73,33.865,-16.22,-28.44,-23.56,-43.33,22.63
400,NYSE,CVH,COVENTRY HEALTH CARE INC,4613.7,2008-06-30,30.42,29.939,-33.91,-24.61,-48.66,-47.23,16.27
401,NYSE,MKC,MCCORMICK & CO INC,4571.3,2008-06-30,17.83,12.233,-5.11,-2.97,-5.38,-4.47,13.15
402,NASDAQ,MU,MICRON TECHNOLOGY INC,4565.0,2008-06-30,6.0,5.851,-25.64,0.52,-17.24,-52.11,-19.5
403,NYSE,TE1,TECO ENERGY INC,4529.1,2008-06-30,21.49,14.437,5.5,36.16,27.75,31.02,-13.68
404,NYSE,DRI,DARDEN RESTAURANTS INC,4473.1,2008-06-30,31.94,16.232,-6.74,-1.36,16.76,-25.85,2.59
405,NYSE,TSS,TOTAL SYSTEM SERVICES INC,4403.6,2008-06-30,22.22,19.276,-9.11,-5.81,-20.16,-14.83,-11.88
406,NYSE,KEY,KEYCORP,4396.6,2008-06-30,10.98,6.23,-43.61,-49.15,-51.59,-66.1,-3.92
407,NASDAQ,MOLX,MOLEX INC,4356.8,2008-06-30,24.41,20.823,-11.92,5.88,-9.74,-17.21,0.49
408,NYSE,EFX,EQUIFAX INC,4354.5,2008-06-30,33.62,27.738,-11.9,-2.39,-7.33,-23.99,4.37
409,NYSE,STZ,CONSTELLATION BRANDS INC,4311.6,2008-06-30,19.86,16.778,-6.85,12.4,-15.99,-18.2,8.36
410,NYSE,JNS,JANUS CAPITAL GROUP INC,4309.1,2008-06-30,26.47,22.135,-8.72,13.91,-19.31,-4.79,14.62
411,NYSE,DYNIQ,DYNEGY INC,4293.1,2008-06-30,42.75,42.75,-9.24,8.37,19.75,-9.43,-21.29
412,NASDAQ,GT,GOODYEAR TIRE & RUBBER CO,4289.2,2008-06-30,17.83,15.86,-29.83,-30.89,-36.82,-48.7,10.09
413,NYSE,MTW,MANITOWOC CO INC,4229.3,2008-06-30,130.12,28.703,-16.37,-20.23,-33.31,-18.9,-18.97
414,NYSE,RX,IMS HEALTH INC,4225.1,2008-06-30,23.3,23.008,-3.88,11.04,1.38,-27.13,-10.17
415,NASDAQ,SNDK1,SANDISK CORP,4202.6,2008-06-30,18.7,18.097,-33.95,-17.15,-43.62,-61.79,-24.6
416,NYSE,EKDKQ,EASTMAN KODAK CO,4158.9,2008-06-30,14.43,14.085,-5.81,-17.01,-32.95,-46.85,1.46
417,NYSE,TDC,TERADATA CORP,4158.3,2008-06-30,23.14,21.348,-14.33,4.89,-15.58,,1.21
418,NYSE,SITC,SITE CENTERS CORP,4157.6,2008-06-30,277.68,12.082,-10.88,-15.56,-6.02,-29.76,-7.93
419,NASDAQ,CINF,CINCINNATI FINANCIAL CORP,4144.3,2008-06-30,25.4,13.553,-26.47,-32.31,-34.21,-39.03,9.61
420,NYSE,MWV,MEADWESTVACO CORP,4141.6,2008-06-30,23.84,16.193,-7.35,-11.65,-22.48,-30.31,13.41
421,NASDAQ,CTAS,CINTAS CORP,4074.5,2008-06-30,6.628,5.241,-10.2,-7.11,-20.01,-31.79,7.27
422,NYSE,IPG,INTERPUBLIC GROUP OF COMPANIES INC,4058.7,2008-06-30,8.6,5.289,-13.73,2.26,6.06,-24.56,2.19
423,NYSE,MI2,MARSHALL & ILSLEY CORP,3973.4,2008-06-30,15.33,15.33,-34.04,-33.92,-42.11,-59.16,-0.85
424,NYSE,R,RYDER SYSTEM INC,3960.4,2008-06-30,68.88,42.331,-6.2,13.43,47.54,30.03,-4.24
425,NASDAQ,LSI1,LSI CORP,3913.9,2008-06-30,6.14,6.14,-15.54,24.04,15.63,-18.24,13.03
426,NYSE,TEG,INTEGRYS HOLDING INC,3884.6,2008-06-30,50.83,34.77,-1.01,10.43,1.04,5.64,0.45
427,NYSE,CBRE,CBRE GROUP INC,3881.6,2008-06-30,19.2,19.2,-14.51,-11.28,-10.9,-47.4,-26.82
428,NYSE,CMA,COMERICA INC,3857.1,2008-06-30,25.63,15.168,-29.65,-25.44,-38.85,-54.02,12.06
429,NYSE,RHI,ROBERT HALF INC,3806.8,2008-06-30,23.97,15.371,-2.48,-6.46,-10.58,-33.28,5.5
430,NYSE,LUMN,LUMEN TECHNOLOGIES INC,3752.9,2008-06-30,35.59,10.793,0.7,7.28,-13.83,-26.95,6.41
431,NYSE,MIL1,MILLIPORE CORP,3738.5,2008-06-30,67.86,67.86,-6.59,0.67,-7.27,-9.63,3.67
432,NYSE,XL1,XL GROUP LTD,3681.0,2008-06-30,20.56,15.834,-40.38,-29.56,-58.15,-74.73,-12.98
433,NASDAQ,FTRCQ,FRONTIER COMMUNICATIONS CORP,3676.9,2008-06-30,170.1,61.371,-0.63,10.45,-6.87,-19.43,1.94
434,NASDAQ,VTRS,VIATRIS INC,3674.7,2008-06-30,12.07,9.715,-9.59,4.05,-14.16,-33.65,7.46
435,NYSE,NCC,NATIONAL CITY CORP,3626.7,2008-06-30,4.77,4.738,-18.32,-51.99,-70.56,-85.04,-0.61
436,NASDAQ,PDCO,PATTERSON COMPANIES INC,3566.0,2008-06-30,29.39,19.213,-13.59,-19.04,-13.43,-21.15,6.26
437,NYSE,SOV,SOVEREIGN BANCORP INC,3551.5,2008-06-30,7.36,7.36,-19.47,-21.03,-35.44,-65.18,29.35
438,NASDAQ,AMD,ADVANCED MICRO DEVICES INC,3536.5,2008-06-30,5.83,5.83,-15.26,-1.02,-22.27,-59.23,-27.79
439,NASDAQ,BDK,BLACK & DECKER CORP,3515.6,2008-06-30,57.51,54.99,-10.48,-12.38,-16.31,-33.31,4.36
440,NYSE,SWK,STANLEY BLACK & DECKER INC,3513.9,2008-06-30,44.83,27.736,-7.12,-5.24,-6.34,-24.31,-0.78
441,NYSE,FHI,FEDERATED HERMES INC,3509.0,2008-06-30,34.42,13.092,-6.5,-11.51,-15.38,-8.12,-4.53
442,NYSE,JBL,JABIL INC,3432.5,2008-06-30,16.41,13.134,29.01,74.54,8.64,-24.33,-0.91
443,NYSE,DHI,HORTON D R INC,3427.2,2008-06-30,10.85,8.795,-14.63,-30.78,-16.34,-43.5,2.48
444,NASDAQ,ZION,ZIONS BANCORPORATION NATIONAL ASSOCIATION,3386.8,2008-06-30,31.49,22.421,-26.92,-30.25,-31.41,-57.79,-7.05
445,NYSE,CMS,CMS ENERGY CORP,3356.7,2008-06-30,14.9,8.149,-4.42,10.72,-13.24,-11.8,-9.4
446,NASDAQ,WFM,WHOLE FOODS MARKET INC,3321.5,2008-06-30,11.845,10.647,-18.31,-27.71,-41.26,-36.91,-5.57
447,NYSE,RVTY,REVVITY INC,3297.3,2008-06-30,27.85,24.88,-1.52,15.17,7.63,8.0,4.75
448,NYSE,LXK,LEXMARK INTERNATIONAL INC,3182.6,2008-06-30,33.43,27.521,-9.31,8.82,-4.1,-32.2,4.93
449,NYSE,TNL,TRAVEL & LEISURE CO,3167.8,2008-06-30,17.91,4.811,-18.14,-13.22,-23.7,-50.29,0.17
450,NYSE,IFF,INTERNATIONAL FLAVORS & FRAGRANCES INC,3144.5,2008-06-30,39.06,25.97,-6.39,-10.83,-17.95,-23.55,2.97
451,NYSE,PNW,PINNACLE WEST CAPITAL CORP,3096.5,2008-06-30,30.77,14.22,-8.91,-10.93,-25.3,-18.36,10.86
452,NYSE,AIV,APARTMENT INVESTMENT & MANAGEMENT CO,3056.7,2008-06-30,43.489,0.838,-13.87,-3.46,-0.36,-24.23,9.19
453,NYSE,SEE,SEALED AIR CORP,3044.3,2008-06-30,19.01,13.505,-21.57,-24.33,-17.04,-37.6,14.16
454,NYSE,ASH,ASHLAND INC,3033.4,2008-06-30,48.2,18.12,-10.19,2.42,2.76,-22.97,-13.34
455,NYSE,SNA,SNAP-ON INC,2998.4,2008-06-30,52.01,34.15,-16.0,2.78,8.98,5.33,8.23
456,NASDAQ,ODP,ODP CORP,2987.8,2008-06-30,109.4,96.04,-13.86,-1.0,-21.35,-63.89,-37.84
457,NYSE,DFODQ,DEAN FOODS CO,2981.1,2008-06-30,39.24,16.167,-9.79,-2.34,-24.13,-38.44,8.56
458,NYSE,AGN,ALLERGAN PLC,2837.7,2008-06-30,27.17,25.605,-4.86,-7.33,0.11,-16.48,6.4
459,NYSE,LEG,LEGGETT & PLATT INC,2789.3,2008-06-30,16.77,8.15,-10.98,11.49,-0.89,-19.87,16.28
460,NYSE,FDO,FAMILY DOLLAR STORES INC,2785.5,2008-06-30,19.94,18.04,-6.27,2.87,4.99,-40.58,16.85
461,NASDAQ,PTV,PACTIV CORP,2776.6,2008-06-30,21.23,21.23,-13.8,-19.0,-20.28,-33.43,13.57
462,NYSE,ANDV,ANDEAVOR,2722.9,2008-06-30,19.77,16.755,-20.44,-33.81,-58.26,-65.02,-21.9
463,NYSE,THC,TENET HEALTHCARE CORP,2663.9,2008-06-30,22.24,22.24,-5.76,-1.77,9.45,-14.59,4.14
464,NASDAQ,VIAV,VIAVI SOLUTIONS INC,2610.9,2008-06-30,11.36,6.485,-8.17,-15.16,-14.59,-15.42,-3.78
465,NYSE,KG1,KING PHARMACEUTICALS INC,2582.1,2008-06-30,10.47,10.47,2.05,20.34,2.25,-48.83,9.93
466,NYSE,MWW,MONSTER WORLDWIDE INC,2561.6,2008-06-30,20.61,20.61,-16.52,-14.87,-36.39,-49.85,-13.93
467,NYSE,BIGGQ,BIG LOTS INC,2550.1,2008-06-30,31.24,23.59,0.58,40.09,95.38,6.19,-2.5
468,NYSE,TIE,TITANIUM METALS CORP,2532.5,2008-06-30,13.99,13.281,-19.24,-6.63,-46.65,-55.65,-19.52
469,NASDAQ,CPWR,COMPUWARE CORP,2496.2,2008-06-30,9.54,8.67,-6.38,29.97,7.42,-19.57,15.31
470,NYSE,PHM,PULTEGROUP INC,2478.5,2008-06-30,9.63,8.138,-20.97,-33.57,-7.99,-56.53,26.79
471,NYSE,HAR,HARMAN INTERNATIONAL INDUSTRIES INC,2408.1,2008-06-30,41.39,38.365,-7.45,-4.91,-43.82,-64.53,-0.53
472,NYSE,BMS,BEMIS CO INC,2234.2,2008-06-30,22.42,16.381,-15.71,-11.13,-16.78,-30.31,25.6
473,NYSE,NYT,NEW YORK TIMES CO,2212.7,2008-06-30,15.39,13.256,-11.65,-17.41,-9.95,-36.34,-18.2
474,NASDAQ,NVLS1,NOVELLUS SYSTEMS INC,2116.1,2008-06-30,21.19,21.19,-11.3,0.67,-23.14,-25.31,-3.87
475,NASDAQ,HBAN,HUNTINGTON BANCSHARES INC,2113.0,2008-06-30,5.77,3.209,-34.0,-45.29,-59.24,-72.66,21.66
476,NYSE,CIEN,CIENA CORP,2088.9,2008-06-30,23.17,23.17,-24.18,-24.85,-32.07,-35.87,-10.79
477,NASDAQ,NOVL,NOVELL INC,2084.3,2008-06-30,5.89,5.89,-16.81,-6.36,-14.26,-24.39,-5.43
478,NYSE,LEN,LENNAR CORP,1983.8,2008-06-30,12.34,9.316,-26.9,-33.86,-29.88,-65.25,-0.73
479,NASDAQ,QLGC,QLOGIC CORP,1934.1,2008-06-30,14.59,14.59,-7.6,-4.95,2.75,-12.37,29.13
480,NYSE,CITGQ,CIT GROUP INC,1924.6,2008-06-30,6.81,6.518,-31.05,-41.81,-70.69,-86.93,24.52
481,NYSE,GAS1,NICOR INC,1922.5,2008-06-30,42.59,36.981,5.44,30.21,3.03,3.86,-6.5
482,NYSE,HPC,HERCULES INC,1915.0,2008-06-30,16.93,16.888,-17.71,-7.18,-12.03,-12.94,18.43
483,NASDAQ,TER,TERADYNE INC,1899.4,2008-06-30,11.07,10.183,-19.43,-10.87,7.05,-37.03,-15.36
484,NASDAQ,TLAB,TELLABS INC,1848.0,2008-06-30,4.65,3.197,-14.54,-14.68,-28.91,-56.79,10.54
485,NYSE,CVG,CONVERGYS CORP,1836.1,2008-06-30,14.86,13.56,-7.87,-1.32,-9.72,-38.7,-14.54
486,NYSE,AN,AUTONATION INC,1788.9,2008-06-30,10.02,10.02,-36.54,-33.07,-36.02,-55.35,2.99
487,NYSE,CTX1,CENTEX CORP,1651.0,2008-06-30,13.37,13.327,-29.0,-44.66,-46.86,-66.44,10.15
488,NYSE,RSHCQ,RADIOSHACK CORP,1609.8,2008-06-30,12.27,10.585,-16.24,-24.49,-27.23,-62.43,35.94
489,NYSE,KBH,KB HOME,1516.5,2008-06-30,16.93,13.26,-17.46,-30.87,-20.05,-55.36,5.39
490,NASDAQ,ETFC,E TRADE FINANCIAL CORP,1485.4,2008-06-30,31.4,30.645,-23.42,-18.65,-11.55,-85.79,-3.82
491,NASDAQ,WINMQ,WINDSTREAM HOLDINGS INC,1441.1,2008-06-30,96.658,36.959,-5.65,5.33,-1.26,-9.64,-3.4
492,NYSE,UIS,UNISYS CORP,1407.2,2008-06-30,39.5,39.5,-21.94,-10.84,-16.49,-56.78,-6.58
493,NYSE,KATE,KATE SPADE & CO,1341.2,2008-06-30,14.15,13.731,-18.96,-21.77,-29.99,-61.65,-7.63
494,NYSE,MDP,MEREDITH CORP,1308.9,2008-06-30,28.29,17.551,-13.78,-25.56,-47.97,-53.25,-9.65
495,NYSE,MBI,MBIA INC,1200.1,2008-06-30,4.39,1.996,-36.92,-64.07,-76.43,-92.82,35.07
496,NYSE,JNY,JONES GROUP INC,1190.6,2008-06-30,13.75,12.175,-18.25,3.28,-12.53,-49.76,21.74
497,NYSE,FHN,FIRST HORIZON CORP,942.0,2008-06-30,7.43,4.968,-20.74,-45.75,-57.66,-79.59,26.51
498,NYSE,DDS,DILLARD'S INC,871.0,2008-06-30,11.57,7.727,-28.69,-32.54,-38.04,-67.49,-12.62
499,NYSE,MTG,MGIC INVESTMENT CORP,764.1,2008-06-30,6.11,5.187,-49.17,-41.84,-72.65,-89.13,4.76
500,NASDAQ,WEN,WENDY'S CO,594.0,2008-06-30,6.4,3.802,-12.94,4.62,-21.17,-55.08,-11.63
