종목선정일,시장,종목명,종목코드,시가총액,기준가,1개월(%),3개월(%),6개월(%),12개월(%),3-1개월(%),6-1개월(%),12-1개월(%),모멘텀스코어,이번달수익률,전달순위
2026-03-31,NASDAQ,Sandisk Corp,SNDK,0,635.34,0,167.6,466.3,1234.5,167.66,466.27,1234.51,303.9,34.07,
2026-03-31,NASDAQ,Lumentum Holdings Inc,LITE,0,702.76,0.3,90.7,331.9,1027.3,90.16,330.77,1024.33,196.2,27.68,
2026-03-31,NASDAQ,Western Digital Corp,WDC,0,270.49,-3.3,57,125.3,569,62.36,132.97,591.81,90.4,26.97,
2026-03-31,NASDAQ,Teradyne Inc,TER,0,296.46,-7.4,53.2,115.4,258.9,65.34,132.51,287.45,84.1,24.13,
2026-03-31,NYSE,Equinor ASA ADR,EQNR,0,42.2,41.5,78.6,73.1,59.5,26.24,22.35,12.78,80.1,-7.68,
2026-03-31,NYSE,Petroleo Brasileiro ADR Reptg 2,PBR,0,20.75,24.8,75.1,63.9,44.7,40.34,31.36,15.97,75.7,3.66,
2026-03-31,NYSE,Corning Inc,GLW,0,135.97,-9.6,55.3,65.8,197,71.75,83.32,228.48,66,25.94,
2026-03-31,NYSE,Vertiv Holdings Co,VRT,0,250.58,-1.7,54.7,66.1,247.1,57.33,68.96,253.03,64.9,17.77,
2026-03-31,NASDAQ,Elbit Systems Ltd,ESLT,0,849.09,10.4,47,66.6,121.3,33.12,50.85,100.44,58.5,8.97,
2026-03-31,NYSE,Eni SpA ADR,E,0,56.61,20.6,49.2,62,83,23.72,34.31,51.76,57.2,-0.32,
2026-03-31,NASDAQ,Seagate Technology Holdings PLC,STX,0,391.76,-3.9,42.3,66,361.2,48.1,72.77,380.09,56.4,28.43,
2026-03-31,NYSE,Suncor Energy Inc (Canada),SU,0,66.11,17,49,58.1,70.7,27.41,35.18,45.97,55.9,-2.54,
2026-03-31,NASDAQ,Micron Technology Inc,MU,0,337.84,-18.1,18.4,101.9,288.8,44.48,146.46,374.59,55.4,24.49,
2026-03-31,NASDAQ,Applied Materials Inc,AMAT,0,341.79,-8.2,33,66.9,135.5,44.87,81.84,156.55,50.7,16.88,
2026-03-31,NYSE,Canadian Natural Resources Ltd,CNQ,0,48.73,11.3,44,52.5,58.2,29.31,36.95,42.11,50.6,-4.88,
2026-03-31,NYSE,Exxon Mobil Corp,XOM,0,169.66,11.3,41,50.5,42.7,26.72,35.25,28.23,47.8,-10.11,
2026-03-31,NYSE,TotalEnergies SE,TTE,0,90.98,13.2,39.1,52.4,40.6,22.81,34.6,24.19,47,1.84,
2026-03-31,NYSE,Slb NV,SLB,0,51.39,0.1,33.9,49.5,22.9,33.77,49.37,22.82,43.5,1.03,
2026-03-31,NYSE,ConocoPhillips,COP,0,132,16.3,41,39.5,25.7,21.2,19.95,8.04,42.9,-7.16,
2026-03-31,NASDAQ,Lam Research Corp,LRCX,0,213.66,-8.6,24.8,59.6,193.9,36.63,74.68,221.72,42.1,23.4,
2026-03-31,NYSE,GE Vernova Inc,GEV,0,872.9,-0.1,33.6,42,185.9,33.67,42.07,186.16,40.3,13.57,
2026-03-31,NASDAQ,FTAI Aviation Ltd,FTAI,0,245,-19.9,24.5,46.8,120.7,55.35,83.27,175.42,37.8,2.62,
2026-03-31,NYSE,FedEx Corp,FDX,0,356.18,-8,23.3,51,46.1,33.97,64.12,58.75,37.5,5.03,
2026-03-31,NYSE,Chevron Corp,CVX,0,206.9,10.8,35.8,33.2,23.7,22.54,20.27,11.64,37.2,-8.87,
2026-03-31,NYSE,BP PLC ADR,BP,0,47,20.9,35.3,36.4,39.1,11.89,12.77,15,37.2,-1.19,
2026-03-31,NASDAQ,AST SpaceMobile Inc,ASTS,0,82.87,4.6,14.1,68.8,264.4,9.03,61.35,248.24,36.9,14.52,
2026-03-31,NYSE,Caterpillar Inc,CAT,0,708.46,-4.6,23.7,48.5,114.8,29.67,55.68,125.24,36.4,11.6,
2026-03-31,NASDAQ,Diamondback Energy Inc,FANG,0,197.79,13.6,31.6,38.2,23.7,15.8,21.65,8.88,36,-4.84,
2026-03-31,NASDAQ,Baker Hughes Co,BKR,0,61.05,-6.5,34.1,25.3,38.9,43.3,33.95,48.49,34.6,2.92,
2026-03-31,NYSE,Southern Copper Corp,SCCO,0,172.06,-21.2,20.9,44.1,90.6,53.37,82.77,141.86,34.4,11.91,
2026-03-31,NYSE,Quanta Services Inc,PWR,0,549.02,-2.5,30.1,32.5,116,33.41,35.87,121.53,34.3,6.62,
2026-03-31,NASDAQ,Caseys General Stores Inc,CASY,0,727.86,6.2,31.7,28.8,67.7,24.04,21.27,57.96,33.1,1.42,
2026-03-31,NASDAQ,Old Dominion Freight Line Inc,ODFL,0,195.4,-3.8,24.6,38.8,18.1,29.5,44.23,22.73,33.1,6.63,
2026-03-31,NYSE,Freeport-McMoRan Inc,FCX,0,58.78,-13.7,15.7,49.9,55.3,34.04,73.58,79.82,32.3,15.35,
2026-03-31,NASDAQ,ASML Holding NV ADR,ASML,0,1320.83,-8.9,23.5,36.4,99.3,35.58,49.84,118.91,31.9,11.92,
2026-03-31,NASDAQ,Royalty Pharma PLC,RPRX,0,47.97,3.8,24.1,36,54.1,19.59,30.98,48.44,30.9,-0.15,
2026-03-31,NASDAQ,Ross Stores Inc,ROST,0,216.63,5.3,20.3,42.2,69.5,14.16,34.94,60.92,30.5,2.09,
2026-03-31,NASDAQ,United Therapeutics Corp,UTHR,0,592.98,17.7,21.7,41.5,92.4,3.42,20.2,63.46,30,-3.58,
2026-03-31,NASDAQ,KLA Corp,KLAC,0,1472.41,-3.4,21.2,36.5,116.6,25.47,41.35,124.26,29.8,17.99,
2026-03-31,NASDAQ,Equinix Inc,EQIX,0,980.24,0.6,27.9,25.2,20.2,27.16,24.39,19.49,29.6,5.1,
2026-03-31,NASDAQ,GlobalFoundries Inc,GFS,0,44.48,-6.5,27.4,24.1,20.5,36.17,32.67,28.83,29.5,10,
2026-03-31,NYSE,Shell PLC ADR,SHEL,0,93,11.4,26.6,30,26.9,13.65,16.75,13.96,29.5,-0.85,
2026-03-31,NYSE,Rio Tinto PLC ADR,RIO,0,93.29,-6.1,16.6,41.3,55.3,24.13,50.49,65.35,28.7,5.33,
2026-03-31,NASDAQ,Arm Holdings PLC ADR,ARM,0,151.28,18.7,38.4,6.9,41.7,16.6,-9.92,19.35,27.8,-1.55,
2026-03-31,NYSE,BHP Group Ltd ADR,BHP,0,72.74,-10.8,20.5,30.5,49.9,35.12,46.31,68.05,27.6,5.6,
2026-03-31,NYSE,Merck & Co Inc,MRK,0,120.29,-2.9,14.3,43.3,34,17.63,47.53,37.95,27.6,0.94,
2026-03-31,NASDAQ,Intel Corp,INTC,0,44.13,-3.2,19.6,31.5,94.3,23.6,35.95,100.84,26.7,41.36,
2026-03-31,NYSE,Lockheed Martin Corp,LMT,0,604.39,-8.2,25,21.1,35.3,36.06,31.82,47.32,26.7,1.54,
2026-03-31,NASDAQ,EchoStar Corp,SATS,0,117.07,1.3,7.7,53.3,357.7,6.28,51.3,351.64,26.6,9.84,
2026-03-31,NYSE,Dell Technologies Inc,DELL,0,164.13,10.8,30.4,15.8,80.1,17.64,4.45,62.46,26.5,8.33,
2026-03-31,NASDAQ,Telefonaktiebolaget LM Ericsson ADR,ERIC,0,11.27,-2.8,16.8,36.3,45.2,20.21,40.27,49.48,26.5,5.41,
2026-03-31,NYSE,Johnson & Johnson,JNJ,0,244.44,-1.6,18.1,31.8,47.4,20.04,33.98,49.8,25.6,-2.45,
2026-03-31,NYSE,Deere & Co,DE,0,563.3,-10.5,21,23.2,20,35.26,37.71,34.17,25,7.4,
2026-03-31,NASDAQ,Analog Devices Inc,ADI,0,318.14,-10.6,17.3,29.5,57.8,31.19,44.81,76.42,25,10.06,
2026-03-31,NYSE,America Movil SAB de CV ADR,AMX,0,25.48,-2.1,23.3,21.3,79.2,25.88,23.9,82.98,25,6.71,
2026-03-31,NYSE,Agnico Eagle Mines Ltd,AEM,0,202.98,-19.3,19.7,20.4,87.2,48.41,49.26,132.08,23.9,7.77,
2026-03-31,NYSE,Bristol-Myers Squibb Co,BMY,0,60.65,-2.8,12.4,34.5,-0.6,15.63,38.29,2.26,22.8,-3.35,
2026-03-31,NASDAQ,Monolithic Power Systems Inc,MPWR,0,1093.35,-4.3,20.6,18.8,88.5,26.08,24.12,97.03,22.4,23.83,
2026-03-31,NYSE,Verizon Communications Inc,VZ,0,50.2,0.1,23.3,14.2,10.7,23.1,14.08,10.54,22,-8.29,
2026-03-31,NASDAQ,Vodafone Group PLC ADR,VOD,0,15.02,-2.2,13.7,29.5,60.3,16.28,32.41,63.93,21.6,4.46,
2026-03-31,NASDAQ,ON Semiconductor Corp,ON,0,61.92,-6.9,14.3,25.6,52.2,22.77,34.82,63.38,21,10.87,
2026-03-31,NYSE,Williams Companies Inc,WMB,0,72.78,-2.6,21.1,14.9,21.8,24.31,17.95,25.03,21,-0.05,
2026-03-31,NYSE,GSK plc ADR,GSK,0,55.19,-6.7,12.5,27.9,42.5,20.58,37,52.63,20.6,5.47,
2026-03-31,NYSE,Enterprise Products Partners Units,EPD,0,37.84,4.7,18,21,10.8,12.73,15.57,5.86,20.6,-1.29,
2026-03-31,NASDAQ,Gilead Sciences Inc,GILD,0,139.37,-6.4,13.5,25.6,24.4,21.35,34.19,32.93,20.4,-0.27,
2026-03-31,NYSE,Nextera Energy Inc,NEE,0,92.88,-0.9,15.7,23,31,16.8,24.22,32.28,20.3,1.29,
2026-03-31,NYSE,Northrop Grumman Corp,NOC,0,682.24,-5.8,19.6,12,33.2,27.04,18.88,41.48,19.1,-1.25,
2026-03-31,NYSE,Newmont Corporation,NEM,0,108.25,-16.7,8.4,28.4,124.2,30.2,54.19,169.26,18.9,11.69,
2026-03-31,NASDAQ,Honeywell International Inc,HON,0,226.03,-7.2,15.9,13.9,13.3,24.86,22.78,22.05,17.4,3.99,
2026-03-31,NYSE,Taiwan Semiconductor Manufacturing Co Ltd ADR,TSM,0,337.95,-9.8,11.2,21,103.6,23.26,34.12,125.65,17.2,9.66,
2026-03-31,NYSE,AstraZeneca PLC,AZN,0,197.22,-5.4,7.3,28.5,34.2,13.37,35.85,41.8,17,3.45,
2026-03-31,NYSE,Howmet Aerospace Inc,HWM,0,230.46,-12.2,12.4,17.4,77.6,28.05,33.79,102.37,16.9,9.64,
2026-03-31,NASDAQ,Steel Dynamics Inc,STLD,0,180,-6.8,6.2,29.1,43.9,13.97,38.51,54.41,16.7,5.87,
2026-03-31,NASDAQ,Walmart Inc,WMT,0,124.28,-2.9,11.6,20.6,41.6,14.85,24.15,45.75,16.6,2,
2026-03-31,NASDAQ,Marvell Technology Inc,MRVL,0,99.05,21.3,16.6,17.8,60.9,-3.87,-2.83,32.68,16.6,29.72,
2026-03-31,NASDAQ,American Electric Power Company Inc,AEP,0,131.08,-2,13.7,16.5,20,16.05,18.95,22.47,16.4,3.98,
2026-03-31,NYSE,Novartis AG ADR,NVS,0,152.75,-9.4,10.8,19.1,37,22.3,31.49,51.26,16.1,0.85,
2026-03-31,NASDAQ,Amgen Inc,AMGN,0,351.85,-9.4,7.5,24.7,12.9,18.59,37.55,24.59,16.1,-0.24,
2026-03-31,NASDAQ,CSX Corp,CSX,0,41.05,-3.8,13.2,15.6,39.5,17.77,20.22,45.06,15.9,2.9,
2026-03-31,NASDAQ,Biogen Inc,BIIB,0,183.33,-4.4,4.2,30.9,34,8.99,36.94,40.18,15.7,-5.65,
2026-03-31,NYSE,Cummins Inc,CMI,0,538.02,-7.9,5.4,27.4,71.7,14.38,38.24,86.28,15.5,14.52,
2026-03-31,NASDAQ,Regeneron Pharmaceuticals Inc,REGN,0,772.64,-1.2,0.1,37.4,21.8,1.27,39.02,23.25,15.2,-3.08,
2026-03-31,NYSE,Johnson Controls International PLC,JCI,0,130.95,-9.3,9.4,19.1,63.5,20.5,31.24,80.13,15.1,8.84,
2026-03-31,NASDAQ,Marriott International Inc,MAR,0,327.07,-4.3,5.4,25.6,37.3,10.15,31.21,43.46,14.5,8.26,
2026-03-31,NYSE,Mizuho Financial Group Inc ADR,MFG,0,7.94,-10.5,8.5,18.5,44.1,21.17,32.39,60.98,14.4,8.69,
2026-03-31,NASDAQ,Costco Wholesale Corp,COST,0,996.43,-1.4,15.5,7.6,5.4,17.21,9.2,6.87,14.1,0.2,
2026-03-31,NYSE,National Grid PLC ADR,NGG,0,84.6,-9.8,9.4,16.4,28.9,21.23,29.04,42.92,14.1,6.73,
2026-03-31,NYSE,Anheuser-Busch Inbev SA ADR,BUD,0,69.37,-14.3,8.3,16.4,12.7,26.41,35.8,31.5,13.8,9.17,
2026-03-31,NASDAQ,Linde PLC,LIN,0,495.76,-2.4,16.3,4.4,6.5,19.16,6.96,9.11,13.4,1.49,
2026-03-31,NASDAQ,Warner Bros Discovery Inc,WBD,0,27.46,-2.5,-4.7,40.6,155.9,-2.26,44.24,162.53,13.2,-0.07,
2026-03-31,NYSE,Pfizer Inc,PFE,0,28.08,1.6,12.8,10.2,10.8,11.04,8.52,9.12,12.9,-4.13,
2026-03-31,NYSE,Coca-Cola Co,KO,0,76.05,-6.8,8.8,14.7,6.2,16.66,22.98,13.88,12.7,1.87,
2026-03-31,NASDAQ,Nebius Group NV,NBIS,0,103.76,13.8,24,-7.6,391.5,8.94,-18.78,331.98,12.4,39.72,
2026-03-31,NASDAQ,Exelon Corp,EXC,0,49.02,-0.9,12.5,8.9,6.4,13.49,9.91,7.36,12.4,-0.92,
2026-03-31,NYSE,AT&T Inc,T,0,28.99,3.5,16.7,2.7,2.5,12.76,-0.81,-0.95,12.4,-8.73,
2026-03-31,NYSE,Enbridge Inc,ENB,0,54.14,1.9,13.2,7.3,22.2,11.1,5.31,19.93,12,0.33,
2026-03-31,NASDAQ,Paccar Inc,PCAR,0,115.5,-8.4,5.5,17.5,18.6,15.14,28.24,29.5,11.7,10.12,
2026-03-31,NASDAQ,Texas Instruments Inc,TXN,0,194.14,-8.5,11.9,5.7,8,22.26,15.45,18.04,11.4,10.61,
2026-03-31,NYSE,Canadian Imperial Bank of Commerce,CM,0,94.75,-6.2,4.6,18.6,68.3,11.42,26.37,79.33,11.3,8.88,
2026-03-31,NYSE,HSBC Holdings PLC ADR,HSBC,0,82.49,-11.5,4.9,16.2,43.6,18.42,31.25,62.21,11,9.42,
2026-03-31,NASDAQ,PepsiCo Inc,PEP,0,155.29,-8.5,8.2,10.6,3.6,18.27,20.86,13.21,10.8,1.14,
2026-03-31,NASDAQ,Flex Ltd,FLEX,0,65.46,3.9,8.3,12.9,97.9,4.3,8.71,90.51,10.6,17.23,
2026-03-31,NYSE,Altria Group Inc,MO,0,65.99,-4.4,14.4,-0.1,9.9,19.74,4.51,15.03,10.5,2.11,
2026-03-31,NYSE,Duke Energy Corp,DUK,0,130.94,0.1,11.7,5.8,7.4,11.64,5.74,7.28,10.5,0.65,
2026-03-31,NYSE,RTX Corp,RTX,0,192.9,-4.8,5.2,15.3,45.6,10.48,21.09,52.97,10.2,4.49,
2026-03-31,NASDAQ,CME Group Inc,CME,0,295.35,-7.6,8.2,9.3,11.3,17,18.25,20.43,10.2,-0.02,
2026-03-31,NYSE,Sumitomo Mitsui Financial Group  Inc ADR,SMFG,0,19.75,-12,2.2,18,27.7,16.09,34.05,45.15,9.9,7.14,
2026-03-31,NYSE,McKesson Corp,MCK,0,865.36,-12.4,5.5,12,28.6,20.37,27.81,46.71,9.9,0.03,
2026-03-31,NYSE,Chubb Limited,CB,0,325.93,-4.4,4.4,15.5,7.9,9.21,20.77,12.87,9.7,0.61,
2026-03-31,NYSE,Parker-Hannifin Corp,PH,0,895.24,-11.3,1.9,18.1,47.3,14.82,33.11,66.02,9.7,9.94,
2026-03-31,NASDAQ,Tradeweb Markets Inc,TW,0,117.66,-4.5,9.4,6,-20.7,14.61,11.06,-16.98,9.4,3.21,
2026-03-31,NYSE,Welltower Inc,WELL,0,197.71,-4.5,6.5,11,29,11.59,16.27,35.19,9.4,5,
2026-03-31,NYSE,Prologis Inc,PLD,0,132.18,-7.3,3.5,15.4,18.2,11.68,24.49,27.53,9.4,3.79,
2026-03-31,NASDAQ,Rocket Lab Corp,RKLB,0,64.22,-7.1,-7.9,34,259.2,-0.95,44.23,286.47,8.8,5.96,
2026-03-31,NASDAQ,Fastenal Co,FAST,0,46.4,0.8,15.6,-5.4,19.7,14.73,-6.12,18.74,8.7,5.97,
2026-03-31,NYSE,Mitsubishi UFJ Financial Group Inc ADR,MUFG,0,16.97,-9,7,6.5,24.5,17.53,16.94,36.76,8.4,6.36,
2026-03-31,NYSE,Southern Co,SO,0,96.52,-0.9,10.7,1.8,5,11.67,2.75,5.91,8.3,0.65,
2026-03-31,NYSE,United Parcel Service Inc,UPS,0,98.38,-15.2,-0.8,17.8,-10.6,16.91,38.82,5.43,8.1,3.37,
2026-03-31,NASDAQ,Starbucks Corp,SBUX,0,89.59,-8.6,6.4,5.9,-8.7,16.4,15.86,-0.07,7.7,7.82,
2026-03-31,NYSE,Eaton Corporation PLC,ETN,0,357.67,-4.9,12.3,-4.4,31.6,18.02,0.45,38.29,7.3,12.67,
2026-03-31,NYSE,TJX Companies Inc,TJX,0,159.7,-1.2,4,10.5,31.1,5.24,11.84,32.73,7.1,1.19,
2026-03-31,NYSE,British American Tobacco plc ADR,BTI,0,58.47,-6.7,3.3,10.2,41.3,10.65,18.03,51.44,7,0.58,
2026-03-31,NASDAQ,Advanced Micro Devices Inc,AMD,0,203.43,1.6,-5,25.7,98,-6.51,23.75,94.87,6.6,20.45,
2026-03-31,NYSE,HCA Healthcare Inc,HCA,0,473.24,-10.7,1.4,11,37,13.46,24.28,53.29,6.4,4.7,
2026-03-31,NYSE,Toronto-Dominion Bank,TD,0,93.31,-4.2,-0.9,16.7,55.7,3.35,21.78,62.43,6.4,7.93,
2026-03-31,NASDAQ,Ferrovial SE,FER,0,65.05,-12.5,0.7,11,44.8,15.12,26.93,65.58,6.1,9.75,
2026-03-31,NASDAQ,Cisco Systems Inc,CSCO,0,77.59,-2.4,0.7,13.4,25.7,3.15,16.14,28.76,6.1,5.97,
2026-03-31,NASDAQ,Vertex Pharmaceuticals Inc,VRTX,0,446.54,-10.1,-1.5,14,-7.9,9.59,26.86,2.48,5.6,-2.3,
2026-03-31,NYSE,Trane Technologies PLC,TT,0,416.74,-9.9,7.1,-1.2,23.7,18.79,9.56,37.22,5.4,11.75,
2026-03-31,NYSE,Union Pacific Corp,UNP,0,242.62,-8.4,4.9,2.6,2.7,14.55,12.1,12.17,5.3,3.25,
2026-03-31,NYSE,Waste Management Inc,WM,0,229.79,-4.6,4.6,4.1,-0.7,9.62,9.06,4.03,5.3,-0.15,
2026-03-31,NASDAQ,Xcel Energy Inc,XEL,0,79.44,-4.7,7.6,-1.5,12.2,12.86,3.36,17.76,5.2,3.7,
2026-03-31,NYSE,Bank of Montreal,BMO,0,135.34,-6,4.3,3.9,41.7,10.89,10.5,50.7,5.2,6.63,
2026-03-31,NYSE,Bank of New York Mellon Corp,BK,0,118.63,-0.4,2.2,8.9,41.4,2.59,9.31,42.01,5.1,7.53,
2026-03-31,NYSE,Illinois Tool Works Inc,ITW,0,260.29,-10.4,5.7,-0.2,5,18,11.45,17.18,4.9,3.93,
2026-03-31,NASDAQ,Medline Inc,MDLN,0,44.5,-6.3,6,0,0,13.12,6.76,6.76,4.8,2.47,
2026-03-31,NYSE,Philip Morris International Inc,PM,0,165.34,-11.5,3.1,1.9,4.2,16.48,15.18,17.7,4.1,-2.96,
2026-03-31,NASDAQ,Northern Trust Corp,NTRS,0,139.57,-2.5,2.2,3.7,41.5,4.76,6.31,45.05,3.3,9.07,
2026-03-31,NASDAQ,eBay Inc,EBAY,0,91.02,0.2,4.5,0.1,34.4,4.32,-0.1,34.15,3.2,4.81,
2026-03-31,NYSE,McDonald's Corp,MCD,0,310.79,-8.9,1.7,2.3,-0.5,11.59,12.23,9.18,3,-1.64,
2026-03-31,NASDAQ,Arch Capital Group Ltd,ACGL,0,95.99,-4.2,0.1,5.8,-0.2,4.41,10.38,4.13,2.8,-0.02,
2026-03-31,NASDAQ,Interactive Brokers Group Inc,IBKR,0,67.07,-5.8,4.3,-2.5,62,10.7,3.46,71.97,2.6,6.17,
2026-03-31,NASDAQ,Microchip Technology Inc,MCHP,0,64.61,-13.4,1.4,0.6,33.5,17.14,16.23,54.18,2.6,10.76,
2026-03-31,NASDAQ,Mondelez International Inc,MDLZ,0,57.64,-6.4,7.1,-7.7,-15,14.4,-1.42,-9.24,2.5,2.36,
2026-03-31,NYSE,Citigroup Inc,C,0,113.41,2.9,-2.8,11.7,59.8,-5.57,8.56,55.22,2.4,9.68,
2026-03-31,NASDAQ,Alphabet Inc Class A,GOOGL,0,287.56,-7.8,-8.1,18.3,86,-0.4,28.24,101.6,2.4,10.32,
2026-03-31,NYSE,General Dynamics Corp,GD,0,343.22,-3.9,1.9,0.7,25.9,6.06,4.71,30.99,2,-2.35,
2026-03-31,NYSE,Toyota Motor Corp ADR,TM,0,206.09,-15,-3.7,7.8,16.7,13.23,26.84,37.3,2,2.21,
2026-03-31,NASDAQ,Coca-Cola Europacific Partners PLC,CCEP,0,90.67,-17.9,0,0.3,4.2,21.75,22.14,26.89,1.9,7.46,
2026-03-31,NASDAQ,Alphabet Inc Class C,GOOG,0,286.86,-7.9,-8.6,17.8,83.6,-0.76,27.87,99.34,1.9,10.06,
2026-03-31,NASDAQ,Fifth Third Bancorp,FITB,0,46.46,-6.1,-0.7,4.3,18.5,5.68,11.04,26.2,1.8,6.13,
2026-03-31,NYSE,US Bancorp,USB,0,52.01,-4.8,-2.5,7.6,23.2,2.44,13.1,29.46,1.8,7.02,
2026-03-31,NYSE,Lloyds Banking Group PLC ADR,LYG,0,5.03,-9.4,-5.1,10.8,31.7,4.72,22.25,45.29,1.7,9.15,
2026-03-31,NASDAQ,Comcast Corp,CMCSA,0,28.71,-7.3,2.5,-2.5,-17,10.52,5.14,-10.48,1.5,-2.72,
2026-03-31,NYSE,PNC Financial Services Group Inc,PNC,0,208.09,-2,-0.3,3.6,18.4,1.73,5.68,20.81,1.4,6.27,
2026-03-31,NYSE,Banco Santander SA ADR,SAN,0,11.28,-8.7,-3.8,7.6,68.4,5.37,17.94,84.48,1.2,8.16,
2026-03-31,NASDAQ,Natera Inc,NTRA,0,199.99,-3.9,-12.7,24.2,41.4,-9.19,29.24,47.12,1.2,-3.48,
2026-03-31,NYSE,Ecolab Inc,ECL,0,266.02,-13.7,1.3,-2.9,4.9,17.46,12.59,21.63,1.2,2.73,
2026-03-31,NYSE,Royal Bank of Canada,RY,0,161.78,-3.3,-5.1,9.8,43.5,-1.91,13.51,48.36,0.7,6.26,
2026-03-31,NYSE,Banco Bilbao Vizcaya Argentaria SA ADR,BBVA,0,21.66,-6.4,-7.1,12.5,59,-0.77,20.16,69.82,0.7,6.46,
2026-03-31,NASDAQ,Monster Beverage Corp,MNST,0,72.46,-15.1,-5.5,7.7,23.8,11.26,26.73,45.76,0.7,4.5,
2026-03-31,NASDAQ,Fortinet Inc,FTNT,0,81.72,3.4,2.9,-2.8,-15.1,-0.48,-6.01,-17.9,0.6,-6.14,
2026-03-31,NASDAQ,Sanofi SA ADR,SNY,0,48.18,-1,-0.6,2.1,-13.1,0.41,3.09,-12.26,0.5,-2.95,
2026-03-31,NYSE,Emerson Electric Co,EMR,0,131.02,-13.1,-1.3,-0.1,19.5,13.58,14.92,37.5,0.4,9.73,
2026-03-31,NASDAQ,Insmed Inc,INSM,0,163.52,9.5,-6,13.5,114.3,-14.2,3.69,95.74,0.2,-5.33,
2026-03-31,NASDAQ,Electronic Arts Inc,EA,0,203.87,1.6,-0.2,1.1,41.1,-1.84,-0.56,38.78,0.1,-0.55,
2026-03-31,NYSE,Goldman Sachs Group Inc,GS,0,845.99,-1.6,-3.8,6.2,54.9,-2.21,7.94,57.35,0,7.31,
2026-03-31,NYSE,Bank of Nova Scotia,BNS,0,69.31,-8.5,-5.9,7.2,46.1,2.8,17.17,59.71,-0.4,5.19,
2026-03-31,NYSE,Procter & Gamble Co,PG,0,144.44,-13.6,0.8,-6,-15.2,16.67,8.82,-1.89,-0.5,0.5,
2026-03-31,NYSE,Eli Lilly and Co,LLY,0,919.77,-12.6,-14.4,20.5,11.4,-2.11,37.88,27.37,-0.6,2.14,
2026-03-31,NASDAQ,Keurig Dr Pepper Inc,KDP,0,26.33,-13,-6,3.2,-23.1,8.1,18.7,-11.51,-1.6,0.91,
2026-03-31,NASDAQ,T-Mobile US Inc,TMUS,0,210.03,-3.3,3.4,-12.3,-21.3,6.92,-9.31,-18.6,-2.2,-6.82,
2026-03-31,NASDAQ,Cincinnati Financial Corp,CINF,0,157.35,-4,-3.7,-0.5,6.5,0.4,3.72,11.01,-2.3,2.41,
2026-03-31,NYSE,Amphenol Corp,APH,0,126.35,-13.5,-6.5,2.1,92.6,8.08,18.03,122.69,-2.4,11.4,
2026-03-31,NASDAQ,Airbnb Inc,ABNB,0,126.28,-6.5,-7,4,5.7,-0.45,11.27,13.1,-2.6,2.12,
2026-03-31,NYSE,Sherwin-Williams Co,SHW,0,320.55,-11.6,-1.1,-7.4,-8.2,11.9,4.72,3.84,-2.6,4.85,
2026-03-31,NYSE,Lowe's Companies Inc,LOW,0,236.28,-10.7,-2,-6,1.3,9.71,5.28,13.44,-2.7,3.36,
2026-03-31,NYSE,Morgan Stanley,MS,0,164.57,-1.2,-7.3,3.5,41.1,-6.21,4.75,42.72,-3.6,7.94,
2026-03-31,NASDAQ,VeriSign  Inc,VRSN,0,248.36,9,2.2,-11.2,-2.2,-6.18,-18.47,-10.21,-3.8,4.6,
2026-03-31,NYSE,ING Groep NV ADR,ING,0,26.05,-9.5,-7,-0.1,33,2.75,10.31,46.86,-4,10.13,
2026-03-31,NYSE,Intercontinental Exchange Inc,ICE,0,157.28,-4.2,-2.9,-6.6,-8.8,1.34,-2.58,-4.85,-4.3,2.11,
2026-03-31,NYSE,American Tower Corp,AMT,0,172.58,-10,-1.7,-10.3,-20.7,9.28,-0.24,-11.83,-4.3,3.89,
2026-03-31,NASDAQ,Apple Inc,AAPL,0,253.79,-3.9,-6.6,-0.3,14.3,-2.82,3.75,18.93,-4.4,2.64,
2026-03-31,NYSE,Berkshire Hathaway Inc Class B,BRK.B,0,479.2,-5.1,-4.7,-4.7,-10,0.46,0.44,-5.19,-4.6,0.15,
2026-03-31,NYSE,Charles Schwab Corp,SCHW,0,93.98,-1.3,-5.9,-1.6,20.1,-4.71,-0.28,21.61,-4.7,0.87,
2026-03-31,NASDAQ,O'Reilly Automotive Inc,ORLY,0,92.31,-1.7,1.2,-14.4,-3.3,2.93,-12.92,-1.7,-4.7,0.76,
2026-03-31,NYSE,Berkshire Hathaway Inc Class A,BRK.A,0,718140,-5.1,-4.9,-4.8,-10.1,0.29,0.37,-5.19,-4.8,0.26,
2026-03-31,NASDAQ,Dexcom Inc,DXCM,0,62.8,-14.5,-5.4,-6.7,-8,10.64,9.12,7.53,-5,1.94,
2026-03-31,NYSE,AbbVie Inc,ABBV,0,217.49,-6.3,-4.8,-6.1,3.8,1.57,0.23,10.77,-5.2,-4.39,
2026-03-31,NASDAQ,JD.com Inc ADR,JD,0,29.57,11.5,3,-15.5,-28.1,-7.56,-24.16,-35.48,-5.2,-2.16,
2026-03-31,NASDAQ,Charter Communications Inc,CHTR,0,215.88,-8,3.4,-21.5,-41.4,12.4,-14.71,-36.33,-5.4,1.36,
2026-03-31,NYSE,Royal Caribbean Cruises Ltd,RCL,0,275.18,-11.5,-1.3,-15,33.9,11.49,-3.9,51.36,-5.8,0.64,
2026-03-31,NASDAQ,Netflix Inc,NFLX,0,96.15,-0.1,2.5,-19.8,3.1,2.65,-19.73,3.2,-6.1,7.13,
2026-03-31,NYSE,General Electric Co,GE,0,283.77,-17.1,-7.9,-5.7,41.8,11.11,13.78,71,-6.1,8.66,
2026-03-31,NASDAQ,BeOne Medicines AG ADR,ONC,0,296.97,-6.3,-2.3,-12.8,9.1,4.34,-6.96,16.47,-6.1,4.27,
2026-03-31,NASDAQ,Biontech SE ADR,BNTX,0,88.88,-19.4,-6.6,-9.9,-2.4,15.79,11.77,21.05,-6.7,7.45,
2026-03-31,NASDAQ,NVIDIA Corp,NVDA,0,174.4,-1.6,-6.5,-6.5,60.9,-4.99,-5.03,63.49,-7,8.16,
2026-03-31,NYSE,Stryker Corp,SYK,0,328.59,-15.2,-6.5,-11.1,-11.7,10.24,4.81,4.09,-7.5,3.21,
2026-03-31,NYSE,CVS Health Corp,CVS,0,71.82,-10.1,-9.5,-4.7,6,0.68,5.98,17.93,-7.5,10.46,
2026-03-31,NASDAQ,Symbotic Inc,SYM,0,53.2,-2.9,-10.6,-1.3,163.2,-7.93,1.63,171.05,-7.6,1.18,
2026-03-31,NYSE,Boeing Co,BA,0,199.03,-12.5,-8.3,-7.8,16.7,4.79,5.42,33.41,-7.7,9.35,
2026-03-31,NYSE,3M Co,MMM,0,145.23,-12.2,-9.3,-6.4,-1.1,3.26,6.53,12.57,-7.9,3.5,
2026-03-31,NYSE,JPMorgan Chase & Co,JPM,0,294.16,-2,-8.7,-6.7,19.9,-6.8,-4.8,22.42,-8.6,5.34,
2026-03-31,NASDAQ,Amazon.com Inc,AMZN,0,208.27,-0.8,-9.8,-5.1,9.5,-9.02,-4.36,10.38,-8.8,14.46,
2026-03-31,NASDAQ,argenx SE ADR,ARGX,0,730.25,-4.8,-13.2,-1,23.4,-8.8,3.98,29.58,-9.1,9.5,
2026-03-31,NYSE,Home Depot Inc,HD,0,328.89,-13.6,-4.4,-18.8,-10.3,10.64,-6.04,3.88,-9.3,2.57,
2026-03-31,NYSE,Medtronic PLC,MDT,0,86.65,-11.3,-9.8,-9,-3.6,1.67,2.54,8.68,-9.3,0.65,
2026-03-31,NYSE,Marsh & McLennan Companies Inc,MRSH,0,173.45,-7.1,-6.5,-13.9,-28.9,0.66,-7.34,-23.48,-9.4,-3.06,
2026-03-31,NYSE,Thermo Fisher Scientific Inc,TMO,0,491.53,-5.7,-15.2,1.3,-1.2,-10.07,7.44,4.72,-9.5,0.93,
2026-03-31,NASDAQ,Broadcom Inc,AVGO,0,309.51,-3.1,-10.6,-6.2,84.9,-7.67,-3.14,90.86,-9.6,20.04,
2026-03-31,NYSE,Barclays PLC ADR,BCS,0,21.16,-12.9,-16.9,2.4,37.8,-4.6,17.46,58.07,-9.6,12.15,
2026-03-31,NASDAQ,Kraft Heinz Co,KHC,0,22.49,-8.6,-7.3,-13.6,-26.1,1.48,-5.49,-19.13,-9.7,2.53,
2026-03-31,NASDAQ,GE Healthcare Technologies Inc,GEHC,0,71.18,-15.5,-13.2,-5.2,-11.8,2.74,12.21,4.41,-9.8,2.81,
2026-03-31,NASDAQ,Huntington Bancshares Inc,HBAN,0,15.65,-6.8,-9.8,-9.4,4.3,-3.17,-2.72,11.93,-9.9,4.66,
2026-03-31,NYSE,Arista Networks Inc,ANET,0,122.78,-8,-6.3,-15.7,58.5,1.89,-8.38,72.3,-9.9,20.01,
2026-03-31,NYSE,Bank of America Corp,BAC,0,48.75,-2.2,-11.4,-5.5,16.8,-9.4,-3.41,19.41,-9.9,7.77,
2026-03-31,NASDAQ,Nasdaq Inc,NDAQ,0,84.89,-3.1,-12.6,-4,11.9,-9.83,-0.98,15.45,-10.1,-2.04,
2026-03-31,NASDAQ,Expedia Group Inc,EXPE,0,230.89,7,-18.5,8,37.4,-23.87,0.91,28.31,-10.4,-1.21,
2026-03-31,NASDAQ,NXP Semiconductors NV,NXPI,0,196.86,-13.3,-9.3,-13.6,3.6,4.58,-0.32,19.44,-10.6,3.81,
2026-03-31,NASDAQ,Kimberly-Clark Corp,KMB,0,96.47,-13.4,-4.4,-22.4,-32.2,10.46,-10.37,-21.64,-10.7,0.84,
2026-03-31,NASDAQ,Intuitive Surgical Inc,ISRG,0,460.99,-8.4,-18.6,3.1,-6.9,-11.1,12.58,1.66,-10.9,-2.25,
2026-03-31,NASDAQ,CoreWeave Inc,CRWV,0,77.47,-2.6,8.2,-43.4,108.9,11.1,-41.86,114.56,-11.4,31.66,
2026-03-31,NYSE,Wells Fargo & Co,WFC,0,79.61,-2.3,-14.6,-5,10.9,-12.61,-2.83,13.46,-12,7.27,
2026-03-31,NYSE,Brookfield Corp,BN,0,40.47,-7.7,-11.8,-11.5,15.8,-4.47,-4.11,25.47,-12.1,4.13,
2026-03-31,NYSE,UBS Group AG,UBS,0,39.07,-5.7,-15.6,-4.7,27.6,-10.54,1.05,35.26,-12.3,6.19,
2026-03-31,NASDAQ,Cintas Corp,CTAS,0,169.14,-15.9,-10.1,-17.6,-17.7,6.94,-2.01,-2.14,-12.5,3.42,
2026-03-31,NYSE,Unilever PLC ADR,UL,0,56.97,-22.8,-12.9,-14.7,-15,12.77,10.48,9.97,-12.6,2.4,
2026-03-31,NYSE,Moody's Corp,MCO,0,436.25,-8.7,-14.6,-8.4,-6.3,-6.51,0.23,2.56,-12.7,-2.03,
2026-03-31,NYSE,Danaher Corp,DHR,0,189.6,-10,-17.2,-4.4,-7.5,-7.99,6.24,2.75,-12.8,0.01,
2026-03-31,NASDAQ,United Airlines Holdings Inc,UAL,0,92.07,-13.4,-17.7,-4.6,33.3,-4.94,10.16,53.95,-12.9,4.7,
2026-03-31,NYSE,BlackRock Inc,BLK,0,961.71,-9.5,-10.1,-17.5,1.6,-0.66,-8.8,12.34,-13.2,3.91,
2026-03-31,NYSE,Mastercard Inc,MA,0,499.66,-3.4,-12.5,-12.2,-8.8,-9.4,-9.07,-5.64,-13.3,-0.2,
2026-03-31,NYSE,ICICI Bank Ltd ADR,IBN,0,25.9,-15.1,-13.1,-14.3,-17.8,2.38,0.93,-3.2,-13.4,7.07,
2026-03-31,NYSE,Visa Inc,V,0,302.24,-5.6,-13.8,-11.5,-13.8,-8.72,-6.22,-8.65,-13.7,0.7,
2026-03-31,NASDAQ,Willis Towers Watson PLC,WTW,0,290.7,-4.7,-11.5,-15.8,-14,-7.13,-11.66,-9.7,-13.9,-3.63,
2026-03-31,NASDAQ,Ryanair Holdings PLC ADR,RYAAY,0,57.8,-14.4,-19.9,-4,36.4,-6.51,12.07,59.29,-14.1,7.89,
2026-03-31,NYSE,CRH PLC,CRH,0,105.12,-12.4,-15.8,-12.3,19.5,-3.86,0.07,36.39,-14.7,12.15,
2026-03-31,NASDAQ,LPL Financial Holdings Inc,LPLA,0,300.83,0.1,-15.8,-9.6,-8,-15.9,-9.71,-8.18,-14.9,3.89,
2026-03-31,NASDAQ,IDEXX Laboratories Inc,IDXX,0,561.89,-14.4,-16.9,-12.1,33.8,-2.93,2.79,56.38,-15.2,0.2,
2026-03-31,NASDAQ,Cadence Design Systems Inc,CDNS,0,277.87,-7.8,-11.1,-20.9,9.3,-3.58,-14.19,18.51,-15.3,-4.39,
2026-03-31,NASDAQ,Baidu Inc ADR,BIDU,0,111.42,-10.5,-14.7,-15.4,21.1,-4.76,-5.56,35.22,-15.4,-2.7,
2026-03-31,NASDAQ,PDD Holdings Inc ADR,PDD,0,102.18,-1.5,-9.9,-22.7,-13.7,-8.52,-21.52,-12.35,-15.8,-1.97,
2026-03-31,NYSE,American Express Co,AXP,0,302.48,-2.1,-18.2,-8.9,12.4,-16.5,-7,14.81,-16.1,3.64,
2026-03-31,NYSE,Walt Disney Co,DIS,0,96.38,-9.1,-15.3,-15.8,-2.4,-6.79,-7.39,7.44,-16.1,2.89,
2026-03-31,NYSE,Progressive Corp,PGR,0,198.24,-7.2,-12.9,-19.7,-30,-6.17,-13.48,-24.5,-16.2,-2.07,
2026-03-31,NASDAQ,Datadog Inc,DDOG,0,118.05,5.4,-13.2,-17.1,19,-17.67,-21.38,12.85,-16.6,-10.74,
2026-03-31,NASDAQ,Meta Platforms Inc,META,0,572.13,-11.7,-13.3,-22.1,-0.7,-1.8,-11.74,12.46,-17,10.09,
2026-03-31,NYSE,S&P Global Inc,SPGI,0,425.34,-3.7,-18.6,-12.6,-16.3,-15.44,-9.21,-13.03,-17.7,-2.33,
2026-03-31,NASDAQ,Tesla Inc,TSLA,0,371.75,-7.6,-17.3,-16.4,43.4,-10.5,-9.49,55.31,-17.9,-6.13,
2026-03-31,NASDAQ,Synopsys Inc,SNPS,0,396.48,-4.2,-15.6,-19.6,-7.5,-11.86,-16.09,-3.46,-18.3,-1.07,
2026-03-31,NASDAQ,Palo Alto Networks Inc,PANW,0,160.32,7.7,-13,-21.3,-6,-19.15,-26.86,-12.73,-18.3,-2.86,
2026-03-31,NYSE,International Business Machines Corp,IBM,0,242.39,0.9,-18.2,-14.1,-2.5,-18.91,-14.87,-3.4,-18.4,-4.8,
2026-03-31,NYSE,Uber Technologies Inc,UBER,0,71.93,-4.6,-12,-26.6,-1.3,-7.7,-23.02,3.51,-18.5,-2.02,
2026-03-31,NASDAQ,Constellation Energy Corp,CEG,0,279.25,-15.3,-21,-15.1,38.5,-6.62,0.25,63.61,-19.2,2.6,
2026-03-31,NASDAQ,Copart Inc,CPRT,0,33.2,-12.8,-15.2,-26.2,-41.3,-2.71,-15.3,-32.69,-19.8,-1.33,
2026-03-31,NASDAQ,MercadoLibre Inc,MELI,0,1729.02,-1.6,-14.2,-26,-11.4,-12.74,-24.79,-9.91,-20.2,2.6,
2026-03-31,NASDAQ,CrowdStrike Holdings Inc,CRWD,0,390.41,5,-16.7,-20.4,10.7,-20.65,-24.14,5.5,-20.3,-2.92,
2026-03-31,NYSE,UnitedHealth Group Inc,UNH,0,270.59,-7.7,-18,-21.6,-48.3,-11.16,-15.07,-44.01,-20.5,12.47,
2026-03-31,NYSE,Alibaba Group Holding Ltd ADR,BABA,0,125.46,-12.9,-14.4,-29.8,-5.1,-1.69,-19.37,8.98,-20.7,1.49,
2026-03-31,NYSE,Abbott Laboratories,ABT,0,102.67,-11.8,-18.1,-23.3,-22.6,-7.14,-13.13,-12.29,-20.8,-2.31,
2026-03-31,NASDAQ,Palantir Technologies Inc,PLTR,0,146.28,6.6,-17.7,-19.8,73.3,-22.82,-24.79,62.55,-21,-12.46,
2026-03-31,NASDAQ,Cognizant Technology Solutions Corp,CTSH,0,61.35,-4.8,-26.1,-8.5,-19.8,-22.37,-3.94,-15.78,-21.2,-5.59,
2026-03-31,NYSE,Capital One Financial Corp,COF,0,182.43,-6.8,-24.7,-14.2,1.7,-19.28,-7.97,9.11,-22.3,5.79,
2026-03-31,NASDAQ,Alnylam Pharmaceuticals Inc,ALNY,0,330.87,-0.6,-16.8,-27.4,22.5,-16.28,-26.99,23.29,-22.7,-2.65,
2026-03-31,NASDAQ,Autodesk Inc,ADSK,0,239.4,-2.6,-19.1,-24.6,-8.6,-16.94,-22.6,-6.08,-23,-8.75,
2026-03-31,NYSE,Spotify Technology SA,SPOT,0,484.91,-5.8,-16.5,-30.5,-11.8,-11.33,-26.23,-6.38,-23.2,-1.84,
2026-03-31,NASDAQ,NetEase Inc ADR,NTES,0,111.94,-2.6,-18.7,-26.4,8.8,-16.46,-24.36,11.71,-23.3,0.7,
2026-03-31,NASDAQ,Paychex Inc,PAYX,0,92.12,-1.6,-17.9,-27.3,-40.3,-16.52,-26.12,-39.3,-23.3,-7.11,
2026-03-31,NYSE,Sony Group Corp ADR,SONY,0,20.7,-10.2,-19.1,-28.1,-18.5,-9.92,-19.9,-9.18,-23.6,1.69,
2026-03-31,NASDAQ,Booking Holdings Inc,BKNG,0,168.41,-0.7,-21.4,-22,-8.6,-20.84,-21.48,-7.98,-23.7,3,
2026-03-31,NASDAQ,Take-Two Interactive Software Inc,TTWO,0,197.5,-6.6,-22.9,-23.6,-4.7,-17.4,-18.15,2.04,-24.8,-0.22,
2026-03-31,NASDAQ,Qualcomm Inc,QCOM,0,128.78,-9.5,-24.7,-22.6,-16.2,-16.77,-14.43,-7.32,-25.4,-0.56,
2026-03-31,NYSE,Accenture PLC,ACN,0,198.29,-5,-26.1,-19.6,-36.5,-22.21,-15.36,-33.11,-25.6,-9.46,
2026-03-31,NASDAQ,Roper Technologies Inc,ROP,0,353.86,1.2,-20.5,-29,-40,-21.43,-29.87,-40.68,-26.1,-3.03,
2026-03-31,NASDAQ,Shopify Inc,SHOP,0,118.62,-1.7,-26.3,-20.2,24.2,-25,-18.76,26.45,-26.3,-6.6,
2026-03-31,NASDAQ,Automatic Data Processing Inc,ADP,0,203.18,-5.2,-21,-30.8,-33.5,-16.67,-26.96,-29.84,-26.5,-7.08,
2026-03-31,NASDAQ,Microsoft Corp,MSFT,0,370.17,-5.7,-23.5,-28.5,-1.4,-18.79,-24.17,4.62,-27.3,0.19,
2026-03-31,NASDAQ,PayPal Holdings Inc,PYPL,0,45.23,-2.1,-22.5,-32.6,-30.7,-20.85,-31.09,-29.18,-28.6,0.02,
2026-03-31,NYSE,Salesforce Inc,CRM,0,186.67,-4.2,-29.5,-21.2,-30.4,-26.47,-17.81,-27.41,-28.8,-11.63,
2026-03-31,NYSE,Blackstone Inc,BX,0,114.99,1.4,-25.4,-32.7,-17.7,-26.45,-33.64,-18.89,-31,-0.14,
2026-03-31,NYSE,HDFC Bank Ltd ADR,HDB,0,24.88,-21.9,-31.9,-27.2,-25.1,-12.84,-6.76,-4.12,-31,7.44,
2026-03-31,NYSE,KKR & Co Inc,KKR,0,92.5,5.5,-27.4,-28.8,-20,-31.22,-32.53,-24.16,-31.3,-1.38,
2026-03-31,NASDAQ,Axon Enterprise Inc,AXON,0,424.69,-21.7,-25.2,-40.8,-19.3,-4.5,-24.42,3.13,-31.8,-18.54,
2026-03-31,NYSE,Novo Nordisk A/S ADR,NVO,0,36.75,-1.9,-27.8,-33.8,-47.1,-26.4,-32.51,-46.07,-32.8,2.1,
2026-03-31,NASDAQ,Adobe Inc,ADBE,0,243.08,-7.4,-30.5,-31.1,-36.6,-25.02,-25.61,-31.58,-33.1,-7.29,
2026-03-31,NASDAQ,Fiserv Inc,FISV,0,55.8,-10.4,-16.9,-56.7,-74.7,-7.27,-51.69,-71.79,-33.5,0.52,
2026-03-31,NYSE,SAP SE ADR,SAP,0,171.21,-15,-29.5,-35.9,-36.2,-17.04,-24.58,-24.93,-33.5,-4.74,
2026-03-31,NASDAQ,Trip.com Group Ltd ADR,TCOM,0,49.79,-5.4,-30.8,-33.8,-21.7,-26.83,-30.03,-17.24,-34.5,3.07,
2026-03-31,NASDAQ,Coinbase Global Inc,COIN,0,174.61,-0.7,-22.8,-48.3,1.4,-22.24,-47.89,2.1,-35.2,-3.87,
2026-03-31,NYSE,Oracle Corp,ORCL,0,147.11,1.2,-24.5,-47.7,5.2,-25.4,-48.3,4,-36.4,-6.13,
2026-03-31,NYSE,Boston Scientific Corp,BSX,0,62.75,-18.3,-34.2,-35.7,-37.8,-19.4,-21.28,-23.82,-36.4,-1.53,
2026-03-31,NASDAQ,Strategy Inc,MSTR,0,124.8,-3.6,-17.9,-61.3,-56.7,-14.77,-59.81,-55.08,-36.7,3.08,
2026-03-31,NASDAQ,Thomson Reuters Corp,TRI,0,89.98,-6.7,-31.8,-42.1,-47.9,-26.9,-37.93,-44.2,-38.4,-7.46,
2026-03-31,NYSE,ServiceNow Inc,NOW,0,104.55,-3.2,-31.8,-43.2,-34.3,-29.49,-41.32,-32.17,-39.2,-20.61,
2026-03-31,NASDAQ,Intuit Inc,INTU,0,432.38,5.7,-34.7,-36.7,-29.6,-38.25,-40.1,-33.38,-39.6,-18.84,
2026-03-31,NASDAQ,DoorDash Inc,DASH,0,150.15,-14.9,-33.7,-44.8,-17.8,-22.08,-35.12,-3.45,-40,1.62,
2026-03-31,NASDAQ,Astera Labs  Inc,ALAB,0,109.6,-7.8,-34.1,-44,83.7,-28.57,-39.31,99.15,-40.7,35.99,
2026-03-31,NASDAQ,Applovin Corp,APP,0,398,-8.5,-40.9,-44.6,50.2,-35.48,-39.49,64.08,-45.7,-1.66,
2026-03-31,NASDAQ,Workday Inc,WDAY,0,129.92,-2.9,-39.5,-46,-44.4,-37.72,-44.44,-42.72,-45.8,-13.41,
2026-03-31,NASDAQ,Robinhood Markets Inc,HOOD,0,69.3,-8.6,-38.7,-51.6,66.5,-32.94,-47.02,82.24,-46.9,-0.16,
